Method,Job,AnalyzeLaunchVariance,EvaluateOverhead,MaxAbsoluteError,MaxRelativeError,MinInvokeCount,MinIterationTime,OutlierMode,Affinity,EnvironmentVariables,Jit,Platform,PowerPlanMode,Runtime,AllowVeryLargeObjects,Concurrent,CpuGroups,Force,HeapAffinitizeMask,HeapCount,NoAffinitize,RetainVm,Server,Arguments,BuildConfiguration,Clock,EngineFactory,NuGetReferences,Toolchain,IsMutator,InvocationCount,IterationCount,IterationTime,LaunchCount,MaxIterationCount,MaxWarmupIterationCount,MinIterationCount,MinWarmupIterationCount,RunStrategy,UnrollFactor,WarmupCount,Repetitions,Size,Mean,Error,StdDev,Median,Gen 0,Gen 1,Gen 2,Allocated
Atropos,InProcess,False,Default,Default,Default,Default,Default,Default,11,Empty,RyuJit,X64,8c5e7fda-e8bf-4a96-9a85-a6e23a8c635c,.NET Core 3.1,False,True,False,True,Default,Default,False,False,False,Default,Default,Default,Default,Default,InProcessEmitToolchain,Default,1,Default,Default,Default,Default,Default,Default,Default,Default,16,Default,1000,1,112.72 ns,2.054 ns,1.921 ns,113.27 ns,0.0106,0.0000,0.0000,200 B
Official,InProcess,False,Default,Default,Default,Default,Default,Default,11,Empty,RyuJit,X64,8c5e7fda-e8bf-4a96-9a85-a6e23a8c635c,.NET Core 3.1,False,True,False,True,Default,Default,False,False,False,Default,Default,Default,Default,Default,InProcessEmitToolchain,Default,1,Default,Default,Default,Default,Default,Default,Default,Default,16,Default,1000,1,310.67 ns,0.891 ns,0.790 ns,310.45 ns,0.0086,0.0000,0.0000,168 B
Tunnel,InProcess,False,Default,Default,Default,Default,Default,Default,11,Empty,RyuJit,X64,8c5e7fda-e8bf-4a96-9a85-a6e23a8c635c,.NET Core 3.1,False,True,False,True,Default,Default,False,False,False,Default,Default,Default,Default,Default,InProcessEmitToolchain,Default,1,Default,Default,Default,Default,Default,Default,Default,Default,16,Default,1000,1,435.88 ns,6.986 ns,6.534 ns,438.90 ns,0.0272,0.0000,0.0000,512 B
Atropos,InProcess,False,Default,Default,Default,Default,Default,Default,11,Empty,RyuJit,X64,8c5e7fda-e8bf-4a96-9a85-a6e23a8c635c,.NET Core 3.1,False,True,False,True,Default,Default,False,False,False,Default,Default,Default,Default,Default,InProcessEmitToolchain,Default,1,Default,Default,Default,Default,Default,Default,Default,Default,16,Default,1000,3,196.21 ns,2.018 ns,1.887 ns,195.50 ns,0.0167,0.0000,0.0000,312 B
Official,InProcess,False,Default,Default,Default,Default,Default,Default,11,Empty,RyuJit,X64,8c5e7fda-e8bf-4a96-9a85-a6e23a8c635c,.NET Core 3.1,False,True,False,True,Default,Default,False,False,False,Default,Default,Default,Default,Default,InProcessEmitToolchain,Default,1,Default,Default,Default,Default,Default,Default,Default,Default,16,Default,1000,3,421.21 ns,2.399 ns,2.127 ns,422.19 ns,0.0124,0.0000,0.0000,232 B
Tunnel,InProcess,False,Default,Default,Default,Default,Default,Default,11,Empty,RyuJit,X64,8c5e7fda-e8bf-4a96-9a85-a6e23a8c635c,.NET Core 3.1,False,True,False,True,Default,Default,False,False,False,Default,Default,Default,Default,Default,InProcessEmitToolchain,Default,1,Default,Default,Default,Default,Default,Default,Default,Default,16,Default,1000,3,540.07 ns,10.236 ns,10.511 ns,544.19 ns,0.0267,0.0000,0.0000,512 B
Atropos,InProcess,False,Default,Default,Default,Default,Default,Default,11,Empty,RyuJit,X64,8c5e7fda-e8bf-4a96-9a85-a6e23a8c635c,.NET Core 3.1,False,True,False,True,Default,Default,False,False,False,Default,Default,Default,Default,Default,InProcessEmitToolchain,Default,1,Default,Default,Default,Default,Default,Default,Default,Default,16,Default,1000,7,288.21 ns,5.826 ns,9.240 ns,290.14 ns,0.0224,0.0000,0.0000,424 B
Official,InProcess,False,Default,Default,Default,Default,Default,Default,11,Empty,RyuJit,X64,8c5e7fda-e8bf-4a96-9a85-a6e23a8c635c,.NET Core 3.1,False,True,False,True,Default,Default,False,False,False,Default,Default,Default,Default,Default,InProcessEmitToolchain,Default,1,Default,Default,Default,Default,Default,Default,Default,Default,16,Default,1000,7,529.57 ns,7.526 ns,6.671 ns,532.88 ns,0.0153,0.0000,0.0000,296 B
Tunnel,InProcess,False,Default,Default,Default,Default,Default,Default,11,Empty,RyuJit,X64,8c5e7fda-e8bf-4a96-9a85-a6e23a8c635c,.NET Core 3.1,False,True,False,True,Default,Default,False,False,False,Default,Default,Default,Default,Default,InProcessEmitToolchain,Default,1,Default,Default,Default,Default,Default,Default,Default,Default,16,Default,1000,7,681.37 ns,9.974 ns,9.330 ns,676.93 ns,0.0267,0.0000,0.0000,512 B
Atropos,InProcess,False,Default,Default,Default,Default,Default,Default,11,Empty,RyuJit,X64,8c5e7fda-e8bf-4a96-9a85-a6e23a8c635c,.NET Core 3.1,False,True,False,True,Default,Default,False,False,False,Default,Default,Default,Default,Default,InProcessEmitToolchain,Default,1,Default,Default,Default,Default,Default,Default,Default,Default,16,Default,1000,9,383.16 ns,7.512 ns,8.349 ns,381.64 ns,0.0315,0.0000,0.0000,592 B
Official,InProcess,False,Default,Default,Default,Default,Default,Default,11,Empty,RyuJit,X64,8c5e7fda-e8bf-4a96-9a85-a6e23a8c635c,.NET Core 3.1,False,True,False,True,Default,Default,False,False,False,Default,Default,Default,Default,Default,InProcessEmitToolchain,Default,1,Default,Default,Default,Default,Default,Default,Default,Default,16,Default,1000,9,652.15 ns,4.699 ns,4.166 ns,651.15 ns,0.0191,0.0000,0.0000,360 B
Tunnel,InProcess,False,Default,Default,Default,Default,Default,Default,11,Empty,RyuJit,X64,8c5e7fda-e8bf-4a96-9a85-a6e23a8c635c,.NET Core 3.1,False,True,False,True,Default,Default,False,False,False,Default,Default,Default,Default,Default,InProcessEmitToolchain,Default,1,Default,Default,Default,Default,Default,Default,Default,Default,16,Default,1000,9,786.31 ns,3.520 ns,3.292 ns,785.88 ns,0.0334,0.0000,0.0000,640 B
Atropos,InProcess,False,Default,Default,Default,Default,Default,Default,11,Empty,RyuJit,X64,8c5e7fda-e8bf-4a96-9a85-a6e23a8c635c,.NET Core 3.1,False,True,False,True,Default,Default,False,False,False,Default,Default,Default,Default,Default,InProcessEmitToolchain,Default,1,Default,Default,Default,Default,Default,Default,Default,Default,16,Default,1000,14,384.72 ns,6.385 ns,5.973 ns,385.36 ns,0.0315,0.0000,0.0000,592 B
Official,InProcess,False,Default,Default,Default,Default,Default,Default,11,Empty,RyuJit,X64,8c5e7fda-e8bf-4a96-9a85-a6e23a8c635c,.NET Core 3.1,False,True,False,True,Default,Default,False,False,False,Default,Default,Default,Default,Default,InProcessEmitToolchain,Default,1,Default,Default,Default,Default,Default,Default,Default,Default,16,Default,1000,14,659.07 ns,4.255 ns,3.772 ns,659.65 ns,0.0191,0.0000,0.0000,360 B
Tunnel,InProcess,False,Default,Default,Default,Default,Default,Default,11,Empty,RyuJit,X64,8c5e7fda-e8bf-4a96-9a85-a6e23a8c635c,.NET Core 3.1,False,True,False,True,Default,Default,False,False,False,Default,Default,Default,Default,Default,InProcessEmitToolchain,Default,1,Default,Default,Default,Default,Default,Default,Default,Default,16,Default,1000,14,"1,021.43 ns",6.864 ns,6.421 ns,"1,020.28 ns",0.0324,0.0000,0.0000,640 B
Atropos,InProcess,False,Default,Default,Default,Default,Default,Default,11,Empty,RyuJit,X64,8c5e7fda-e8bf-4a96-9a85-a6e23a8c635c,.NET Core 3.1,False,True,False,True,Default,Default,False,False,False,Default,Default,Default,Default,Default,InProcessEmitToolchain,Default,1,Default,Default,Default,Default,Default,Default,Default,Default,16,Default,1000,18,454.68 ns,1.887 ns,1.765 ns,454.89 ns,0.0377,0.0000,0.0000,704 B
Official,InProcess,False,Default,Default,Default,Default,Default,Default,11,Empty,RyuJit,X64,8c5e7fda-e8bf-4a96-9a85-a6e23a8c635c,.NET Core 3.1,False,True,False,True,Default,Default,False,False,False,Default,Default,Default,Default,Default,InProcessEmitToolchain,Default,1,Default,Default,Default,Default,Default,Default,Default,Default,16,Default,1000,18,754.17 ns,4.804 ns,4.259 ns,753.41 ns,0.0219,0.0000,0.0000,424 B
Tunnel,InProcess,False,Default,Default,Default,Default,Default,Default,11,Empty,RyuJit,X64,8c5e7fda-e8bf-4a96-9a85-a6e23a8c635c,.NET Core 3.1,False,True,False,True,Default,Default,False,False,False,Default,Default,Default,Default,Default,InProcessEmitToolchain,Default,1,Default,Default,Default,Default,Default,Default,Default,Default,16,Default,1000,18,997.65 ns,9.135 ns,8.545 ns,996.58 ns,0.0324,0.0000,0.0000,640 B
Atropos,InProcess,False,Default,Default,Default,Default,Default,Default,11,Empty,RyuJit,X64,8c5e7fda-e8bf-4a96-9a85-a6e23a8c635c,.NET Core 3.1,False,True,False,True,Default,Default,False,False,False,Default,Default,Default,Default,Default,InProcessEmitToolchain,Default,1,Default,Default,Default,Default,Default,Default,Default,Default,16,Default,1000,29,458.30 ns,3.677 ns,3.440 ns,457.29 ns,0.0377,0.0000,0.0000,704 B
Official,InProcess,False,Default,Default,Default,Default,Default,Default,11,Empty,RyuJit,X64,8c5e7fda-e8bf-4a96-9a85-a6e23a8c635c,.NET Core 3.1,False,True,False,True,Default,Default,False,False,False,Default,Default,Default,Default,Default,InProcessEmitToolchain,Default,1,Default,Default,Default,Default,Default,Default,Default,Default,16,Default,1000,29,759.94 ns,3.631 ns,3.397 ns,759.33 ns,0.0219,0.0000,0.0000,424 B
Tunnel,InProcess,False,Default,Default,Default,Default,Default,Default,11,Empty,RyuJit,X64,8c5e7fda-e8bf-4a96-9a85-a6e23a8c635c,.NET Core 3.1,False,True,False,True,Default,Default,False,False,False,Default,Default,Default,Default,Default,InProcessEmitToolchain,Default,1,Default,Default,Default,Default,Default,Default,Default,Default,16,Default,1000,29,"1,151.18 ns",5.103 ns,4.523 ns,"1,150.06 ns",0.0324,0.0000,0.0000,640 B
Atropos,InProcess,False,Default,Default,Default,Default,Default,Default,11,Empty,RyuJit,X64,8c5e7fda-e8bf-4a96-9a85-a6e23a8c635c,.NET Core 3.1,False,True,False,True,Default,Default,False,False,False,Default,Default,Default,Default,Default,InProcessEmitToolchain,Default,1,Default,Default,Default,Default,Default,Default,Default,Default,16,Default,1000,35,551.32 ns,8.766 ns,8.200 ns,547.69 ns,0.0429,0.0000,0.0000,816 B
Official,InProcess,False,Default,Default,Default,Default,Default,Default,11,Empty,RyuJit,X64,8c5e7fda-e8bf-4a96-9a85-a6e23a8c635c,.NET Core 3.1,False,True,False,True,Default,Default,False,False,False,Default,Default,Default,Default,Default,InProcessEmitToolchain,Default,1,Default,Default,Default,Default,Default,Default,Default,Default,16,Default,1000,35,872.17 ns,3.411 ns,2.848 ns,872.88 ns,0.0257,0.0000,0.0000,488 B
Tunnel,InProcess,False,Default,Default,Default,Default,Default,Default,11,Empty,RyuJit,X64,8c5e7fda-e8bf-4a96-9a85-a6e23a8c635c,.NET Core 3.1,False,True,False,True,Default,Default,False,False,False,Default,Default,Default,Default,Default,InProcessEmitToolchain,Default,1,Default,Default,Default,Default,Default,Default,Default,Default,16,Default,1000,35,"1,177.53 ns",10.895 ns,10.191 ns,"1,177.83 ns",0.0324,0.0000,0.0000,640 B
Atropos,InProcess,False,Default,Default,Default,Default,Default,Default,11,Empty,RyuJit,X64,8c5e7fda-e8bf-4a96-9a85-a6e23a8c635c,.NET Core 3.1,False,True,False,True,Default,Default,False,False,False,Default,Default,Default,Default,Default,InProcessEmitToolchain,Default,1,Default,Default,Default,Default,Default,Default,Default,Default,16,Default,1000,59,671.15 ns,7.419 ns,6.940 ns,669.14 ns,0.0639,0.0000,0.0000,1208 B
Official,InProcess,False,Default,Default,Default,Default,Default,Default,11,Empty,RyuJit,X64,8c5e7fda-e8bf-4a96-9a85-a6e23a8c635c,.NET Core 3.1,False,True,False,True,Default,Default,False,False,False,Default,Default,Default,Default,Default,InProcessEmitToolchain,Default,1,Default,Default,Default,Default,Default,Default,Default,Default,16,Default,1000,59,94.37 ns,0.080 ns,0.067 ns,94.37 ns,0.0000,0.0000,0.0000,0 B
Tunnel,InProcess,False,Default,Default,Default,Default,Default,Default,11,Empty,RyuJit,X64,8c5e7fda-e8bf-4a96-9a85-a6e23a8c635c,.NET Core 3.1,False,True,False,True,Default,Default,False,False,False,Default,Default,Default,Default,Default,InProcessEmitToolchain,Default,1,Default,Default,Default,Default,Default,Default,Default,Default,16,Default,1000,59,"1,005.67 ns",1.344 ns,1.122 ns,"1,006.05 ns",0.0134,0.0000,0.0000,272 B
Atropos,InProcess,False,Default,Default,Default,Default,Default,Default,11,Empty,RyuJit,X64,8c5e7fda-e8bf-4a96-9a85-a6e23a8c635c,.NET Core 3.1,False,True,False,True,Default,Default,False,False,False,Default,Default,Default,Default,Default,InProcessEmitToolchain,Default,1,Default,Default,Default,Default,Default,Default,Default,Default,16,Default,1000,69,677.71 ns,3.654 ns,3.051 ns,678.08 ns,0.0639,0.0000,0.0000,1208 B
Official,InProcess,False,Default,Default,Default,Default,Default,Default,11,Empty,RyuJit,X64,8c5e7fda-e8bf-4a96-9a85-a6e23a8c635c,.NET Core 3.1,False,True,False,True,Default,Default,False,False,False,Default,Default,Default,Default,Default,InProcessEmitToolchain,Default,1,Default,Default,Default,Default,Default,Default,Default,Default,16,Default,1000,69,94.59 ns,0.083 ns,0.073 ns,94.58 ns,0.0000,0.0000,0.0000,0 B
Tunnel,InProcess,False,Default,Default,Default,Default,Default,Default,11,Empty,RyuJit,X64,8c5e7fda-e8bf-4a96-9a85-a6e23a8c635c,.NET Core 3.1,False,True,False,True,Default,Default,False,False,False,Default,Default,Default,Default,Default,InProcessEmitToolchain,Default,1,Default,Default,Default,Default,Default,Default,Default,Default,16,Default,1000,69,"1,292.95 ns",1.568 ns,1.467 ns,"1,293.14 ns",0.0134,0.0000,0.0000,272 B
Atropos,InProcess,False,Default,Default,Default,Default,Default,Default,11,Empty,RyuJit,X64,8c5e7fda-e8bf-4a96-9a85-a6e23a8c635c,.NET Core 3.1,False,True,False,True,Default,Default,False,False,False,Default,Default,Default,Default,Default,InProcessEmitToolchain,Default,1,Default,Default,Default,Default,Default,Default,Default,Default,16,Default,1000,119,792.47 ns,7.410 ns,6.931 ns,789.49 ns,0.0763,0.0000,0.0000,1432 B
Official,InProcess,False,Default,Default,Default,Default,Default,Default,11,Empty,RyuJit,X64,8c5e7fda-e8bf-4a96-9a85-a6e23a8c635c,.NET Core 3.1,False,True,False,True,Default,Default,False,False,False,Default,Default,Default,Default,Default,InProcessEmitToolchain,Default,1,Default,Default,Default,Default,Default,Default,Default,Default,16,Default,1000,119,95.78 ns,0.068 ns,0.063 ns,95.76 ns,0.0000,0.0000,0.0000,0 B
Tunnel,InProcess,False,Default,Default,Default,Default,Default,Default,11,Empty,RyuJit,X64,8c5e7fda-e8bf-4a96-9a85-a6e23a8c635c,.NET Core 3.1,False,True,False,True,Default,Default,False,False,False,Default,Default,Default,Default,Default,InProcessEmitToolchain,Default,1,Default,Default,Default,Default,Default,Default,Default,Default,16,Default,1000,119,"1,288.95 ns",2.534 ns,2.370 ns,"1,288.26 ns",0.0134,0.0000,0.0000,272 B
Atropos,InProcess,False,Default,Default,Default,Default,Default,Default,11,Empty,RyuJit,X64,8c5e7fda-e8bf-4a96-9a85-a6e23a8c635c,.NET Core 3.1,False,True,False,True,Default,Default,False,False,False,Default,Default,Default,Default,Default,InProcessEmitToolchain,Default,1,Default,Default,Default,Default,Default,Default,Default,Default,16,Default,1000,137,868.01 ns,17.427 ns,45.604 ns,843.50 ns,0.0763,0.0000,0.0000,1432 B
Official,InProcess,False,Default,Default,Default,Default,Default,Default,11,Empty,RyuJit,X64,8c5e7fda-e8bf-4a96-9a85-a6e23a8c635c,.NET Core 3.1,False,True,False,True,Default,Default,False,False,False,Default,Default,Default,Default,Default,InProcessEmitToolchain,Default,1,Default,Default,Default,Default,Default,Default,Default,Default,16,Default,1000,137,95.49 ns,0.238 ns,0.211 ns,95.39 ns,0.0000,0.0000,0.0000,0 B
Tunnel,InProcess,False,Default,Default,Default,Default,Default,Default,11,Empty,RyuJit,X64,8c5e7fda-e8bf-4a96-9a85-a6e23a8c635c,.NET Core 3.1,False,True,False,True,Default,Default,False,False,False,Default,Default,Default,Default,Default,InProcessEmitToolchain,Default,1,Default,Default,Default,Default,Default,Default,Default,Default,16,Default,1000,137,"1,353.12 ns",1.998 ns,1.869 ns,"1,352.56 ns",0.0134,0.0000,0.0000,272 B
Atropos,InProcess,False,Default,Default,Default,Default,Default,Default,11,Empty,RyuJit,X64,8c5e7fda-e8bf-4a96-9a85-a6e23a8c635c,.NET Core 3.1,False,True,False,True,Default,Default,False,False,False,Default,Default,Default,Default,Default,InProcessEmitToolchain,Default,1,Default,Default,Default,Default,Default,Default,Default,Default,16,Default,1000,240,975.80 ns,19.437 ns,52.549 ns,947.91 ns,0.0877,0.0000,0.0000,1656 B
Official,InProcess,False,Default,Default,Default,Default,Default,Default,11,Empty,RyuJit,X64,8c5e7fda-e8bf-4a96-9a85-a6e23a8c635c,.NET Core 3.1,False,True,False,True,Default,Default,False,False,False,Default,Default,Default,Default,Default,InProcessEmitToolchain,Default,1,Default,Default,Default,Default,Default,Default,Default,Default,16,Default,1000,240,96.95 ns,0.052 ns,0.049 ns,96.94 ns,0.0000,0.0000,0.0000,0 B
Tunnel,InProcess,False,Default,Default,Default,Default,Default,Default,11,Empty,RyuJit,X64,8c5e7fda-e8bf-4a96-9a85-a6e23a8c635c,.NET Core 3.1,False,True,False,True,Default,Default,False,False,False,Default,Default,Default,Default,Default,InProcessEmitToolchain,Default,1,Default,Default,Default,Default,Default,Default,Default,Default,16,Default,1000,240,"1,454.15 ns",2.178 ns,2.037 ns,"1,453.76 ns",0.0134,0.0000,0.0000,272 B
Atropos,InProcess,False,Default,Default,Default,Default,Default,Default,11,Empty,RyuJit,X64,8c5e7fda-e8bf-4a96-9a85-a6e23a8c635c,.NET Core 3.1,False,True,False,True,Default,Default,False,False,False,Default,Default,Default,Default,Default,InProcessEmitToolchain,Default,1,Default,Default,Default,Default,Default,Default,Default,Default,16,Default,1000,272,984.96 ns,19.712 ns,54.950 ns,957.50 ns,0.0877,0.0000,0.0000,1656 B
Official,InProcess,False,Default,Default,Default,Default,Default,Default,11,Empty,RyuJit,X64,8c5e7fda-e8bf-4a96-9a85-a6e23a8c635c,.NET Core 3.1,False,True,False,True,Default,Default,False,False,False,Default,Default,Default,Default,Default,InProcessEmitToolchain,Default,1,Default,Default,Default,Default,Default,Default,Default,Default,16,Default,1000,272,96.82 ns,0.049 ns,0.046 ns,96.80 ns,0.0000,0.0000,0.0000,0 B
Tunnel,InProcess,False,Default,Default,Default,Default,Default,Default,11,Empty,RyuJit,X64,8c5e7fda-e8bf-4a96-9a85-a6e23a8c635c,.NET Core 3.1,False,True,False,True,Default,Default,False,False,False,Default,Default,Default,Default,Default,InProcessEmitToolchain,Default,1,Default,Default,Default,Default,Default,Default,Default,Default,16,Default,1000,272,"1,425.51 ns",2.653 ns,2.481 ns,"1,425.30 ns",0.0134,0.0000,0.0000,272 B
Atropos,InProcess,False,Default,Default,Default,Default,Default,Default,11,Empty,RyuJit,X64,8c5e7fda-e8bf-4a96-9a85-a6e23a8c635c,.NET Core 3.1,False,True,False,True,Default,Default,False,False,False,Default,Default,Default,Default,Default,InProcessEmitToolchain,Default,1,Default,Default,Default,Default,Default,Default,Default,Default,16,Default,1000,484,"1,072.41 ns",17.712 ns,17.396 ns,"1,072.90 ns",0.0992,0.0000,0.0000,1880 B
Official,InProcess,False,Default,Default,Default,Default,Default,Default,11,Empty,RyuJit,X64,8c5e7fda-e8bf-4a96-9a85-a6e23a8c635c,.NET Core 3.1,False,True,False,True,Default,Default,False,False,False,Default,Default,Default,Default,Default,InProcessEmitToolchain,Default,1,Default,Default,Default,Default,Default,Default,Default,Default,16,Default,1000,484,97.62 ns,0.061 ns,0.051 ns,97.61 ns,0.0000,0.0000,0.0000,0 B
Tunnel,InProcess,False,Default,Default,Default,Default,Default,Default,11,Empty,RyuJit,X64,8c5e7fda-e8bf-4a96-9a85-a6e23a8c635c,.NET Core 3.1,False,True,False,True,Default,Default,False,False,False,Default,Default,Default,Default,Default,InProcessEmitToolchain,Default,1,Default,Default,Default,Default,Default,Default,Default,Default,16,Default,1000,484,"1,647.25 ns",2.037 ns,1.806 ns,"1,647.03 ns",0.0134,0.0000,0.0000,272 B
Atropos,InProcess,False,Default,Default,Default,Default,Default,Default,11,Empty,RyuJit,X64,8c5e7fda-e8bf-4a96-9a85-a6e23a8c635c,.NET Core 3.1,False,True,False,True,Default,Default,False,False,False,Default,Default,Default,Default,Default,InProcessEmitToolchain,Default,1,Default,Default,Default,Default,Default,Default,Default,Default,16,Default,1000,540,"1,040.65 ns",12.142 ns,10.763 ns,"1,040.75 ns",0.0992,0.0000,0.0000,1880 B
Official,InProcess,False,Default,Default,Default,Default,Default,Default,11,Empty,RyuJit,X64,8c5e7fda-e8bf-4a96-9a85-a6e23a8c635c,.NET Core 3.1,False,True,False,True,Default,Default,False,False,False,Default,Default,Default,Default,Default,InProcessEmitToolchain,Default,1,Default,Default,Default,Default,Default,Default,Default,Default,16,Default,1000,540,97.75 ns,0.084 ns,0.075 ns,97.75 ns,0.0000,0.0000,0.0000,0 B
Tunnel,InProcess,False,Default,Default,Default,Default,Default,Default,11,Empty,RyuJit,X64,8c5e7fda-e8bf-4a96-9a85-a6e23a8c635c,.NET Core 3.1,False,True,False,True,Default,Default,False,False,False,Default,Default,Default,Default,Default,InProcessEmitToolchain,Default,1,Default,Default,Default,Default,Default,Default,Default,Default,16,Default,1000,540,"1,926.10 ns",3.220 ns,2.689 ns,"1,924.88 ns",0.0114,0.0000,0.0000,272 B
Atropos,InProcess,False,Default,Default,Default,Default,Default,Default,11,Empty,RyuJit,X64,8c5e7fda-e8bf-4a96-9a85-a6e23a8c635c,.NET Core 3.1,False,True,False,True,Default,Default,False,False,False,Default,Default,Default,Default,Default,InProcessEmitToolchain,Default,1,Default,Default,Default,Default,Default,Default,Default,Default,16,Default,1000,973,"1,167.03 ns",23.210 ns,23.835 ns,"1,163.32 ns",0.1125,0.0000,0.0000,2104 B
Official,InProcess,False,Default,Default,Default,Default,Default,Default,11,Empty,RyuJit,X64,8c5e7fda-e8bf-4a96-9a85-a6e23a8c635c,.NET Core 3.1,False,True,False,True,Default,Default,False,False,False,Default,Default,Default,Default,Default,InProcessEmitToolchain,Default,1,Default,Default,Default,Default,Default,Default,Default,Default,16,Default,1000,973,99.27 ns,0.301 ns,0.282 ns,99.22 ns,0.0000,0.0000,0.0000,0 B
Tunnel,InProcess,False,Default,Default,Default,Default,Default,Default,11,Empty,RyuJit,X64,8c5e7fda-e8bf-4a96-9a85-a6e23a8c635c,.NET Core 3.1,False,True,False,True,Default,Default,False,False,False,Default,Default,Default,Default,Default,InProcessEmitToolchain,Default,1,Default,Default,Default,Default,Default,Default,Default,Default,16,Default,1000,973,"1,919.09 ns",1.908 ns,1.593 ns,"1,919.49 ns",0.0114,0.0000,0.0000,272 B
Atropos,InProcess,False,Default,Default,Default,Default,Default,Default,11,Empty,RyuJit,X64,8c5e7fda-e8bf-4a96-9a85-a6e23a8c635c,.NET Core 3.1,False,True,False,True,Default,Default,False,False,False,Default,Default,Default,Default,Default,InProcessEmitToolchain,Default,1,Default,Default,Default,Default,Default,Default,Default,Default,16,Default,1000,1075,"1,169.29 ns",7.515 ns,7.030 ns,"1,166.75 ns",0.1125,0.0000,0.0000,2104 B
Official,InProcess,False,Default,Default,Default,Default,Default,Default,11,Empty,RyuJit,X64,8c5e7fda-e8bf-4a96-9a85-a6e23a8c635c,.NET Core 3.1,False,True,False,True,Default,Default,False,False,False,Default,Default,Default,Default,Default,InProcessEmitToolchain,Default,1,Default,Default,Default,Default,Default,Default,Default,Default,16,Default,1000,1075,103.46 ns,0.208 ns,0.195 ns,103.42 ns,0.0000,0.0000,0.0000,0 B
Tunnel,InProcess,False,Default,Default,Default,Default,Default,Default,11,Empty,RyuJit,X64,8c5e7fda-e8bf-4a96-9a85-a6e23a8c635c,.NET Core 3.1,False,True,False,True,Default,Default,False,False,False,Default,Default,Default,Default,Default,InProcessEmitToolchain,Default,1,Default,Default,Default,Default,Default,Default,Default,Default,16,Default,1000,1075,"1,961.31 ns",1.172 ns,0.915 ns,"1,961.19 ns",0.0114,0.0000,0.0000,272 B
Atropos,InProcess,False,Default,Default,Default,Default,Default,Default,11,Empty,RyuJit,X64,8c5e7fda-e8bf-4a96-9a85-a6e23a8c635c,.NET Core 3.1,False,True,False,True,Default,Default,False,False,False,Default,Default,Default,Default,Default,InProcessEmitToolchain,Default,1,Default,Default,Default,Default,Default,Default,Default,Default,16,Default,1000,1955,"1,272.76 ns",9.576 ns,8.957 ns,"1,269.26 ns",0.1240,0.0000,0.0000,2328 B
Official,InProcess,False,Default,Default,Default,Default,Default,Default,11,Empty,RyuJit,X64,8c5e7fda-e8bf-4a96-9a85-a6e23a8c635c,.NET Core 3.1,False,True,False,True,Default,Default,False,False,False,Default,Default,Default,Default,Default,InProcessEmitToolchain,Default,1,Default,Default,Default,Default,Default,Default,Default,Default,16,Default,1000,1955,100.37 ns,0.132 ns,0.124 ns,100.37 ns,0.0000,0.0000,0.0000,0 B
Tunnel,InProcess,False,Default,Default,Default,Default,Default,Default,11,Empty,RyuJit,X64,8c5e7fda-e8bf-4a96-9a85-a6e23a8c635c,.NET Core 3.1,False,True,False,True,Default,Default,False,False,False,Default,Default,Default,Default,Default,InProcessEmitToolchain,Default,1,Default,Default,Default,Default,Default,Default,Default,Default,16,Default,1000,1955,"2,136.93 ns",8.238 ns,7.706 ns,"2,133.61 ns",0.0114,0.0000,0.0000,272 B
Atropos,InProcess,False,Default,Default,Default,Default,Default,Default,11,Empty,RyuJit,X64,8c5e7fda-e8bf-4a96-9a85-a6e23a8c635c,.NET Core 3.1,False,True,False,True,Default,Default,False,False,False,Default,Default,Default,Default,Default,InProcessEmitToolchain,Default,1,Default,Default,Default,Default,Default,Default,Default,Default,16,Default,1000,2141,"1,282.10 ns",6.259 ns,5.549 ns,"1,281.94 ns",0.1240,0.0000,0.0000,2328 B
Official,InProcess,False,Default,Default,Default,Default,Default,Default,11,Empty,RyuJit,X64,8c5e7fda-e8bf-4a96-9a85-a6e23a8c635c,.NET Core 3.1,False,True,False,True,Default,Default,False,False,False,Default,Default,Default,Default,Default,InProcessEmitToolchain,Default,1,Default,Default,Default,Default,Default,Default,Default,Default,16,Default,1000,2141,100.16 ns,0.092 ns,0.086 ns,100.19 ns,0.0000,0.0000,0.0000,0 B
Tunnel,InProcess,False,Default,Default,Default,Default,Default,Default,11,Empty,RyuJit,X64,8c5e7fda-e8bf-4a96-9a85-a6e23a8c635c,.NET Core 3.1,False,True,False,True,Default,Default,False,False,False,Default,Default,Default,Default,Default,InProcessEmitToolchain,Default,1,Default,Default,Default,Default,Default,Default,Default,Default,16,Default,1000,2141,"2,095.18 ns",1.725 ns,1.613 ns,"2,094.99 ns",0.0114,0.0000,0.0000,272 B
Atropos,InProcess,False,Default,Default,Default,Default,Default,Default,11,Empty,RyuJit,X64,8c5e7fda-e8bf-4a96-9a85-a6e23a8c635c,.NET Core 3.1,False,True,False,True,Default,Default,False,False,False,Default,Default,Default,Default,Default,InProcessEmitToolchain,Default,1,Default,Default,Default,Default,Default,Default,Default,Default,16,Default,1000,3926,"1,387.27 ns",6.251 ns,5.542 ns,"1,387.09 ns",0.1354,0.0000,0.0000,2552 B
Official,InProcess,False,Default,Default,Default,Default,Default,Default,11,Empty,RyuJit,X64,8c5e7fda-e8bf-4a96-9a85-a6e23a8c635c,.NET Core 3.1,False,True,False,True,Default,Default,False,False,False,Default,Default,Default,Default,Default,InProcessEmitToolchain,Default,1,Default,Default,Default,Default,Default,Default,Default,Default,16,Default,1000,3926,102.12 ns,0.082 ns,0.064 ns,102.11 ns,0.0000,0.0000,0.0000,0 B
Tunnel,InProcess,False,Default,Default,Default,Default,Default,Default,11,Empty,RyuJit,X64,8c5e7fda-e8bf-4a96-9a85-a6e23a8c635c,.NET Core 3.1,False,True,False,True,Default,Default,False,False,False,Default,Default,Default,Default,Default,InProcessEmitToolchain,Default,1,Default,Default,Default,Default,Default,Default,Default,Default,16,Default,1000,3926,"2,301.20 ns",6.666 ns,5.909 ns,"2,299.32 ns",0.0114,0.0000,0.0000,272 B
Atropos,InProcess,False,Default,Default,Default,Default,Default,Default,11,Empty,RyuJit,X64,8c5e7fda-e8bf-4a96-9a85-a6e23a8c635c,.NET Core 3.1,False,True,False,True,Default,Default,False,False,False,Default,Default,Default,Default,Default,InProcessEmitToolchain,Default,1,Default,Default,Default,Default,Default,Default,Default,Default,16,Default,1000,4266,"1,409.50 ns",11.527 ns,10.783 ns,"1,406.43 ns",0.1354,0.0000,0.0000,2552 B
Official,InProcess,False,Default,Default,Default,Default,Default,Default,11,Empty,RyuJit,X64,8c5e7fda-e8bf-4a96-9a85-a6e23a8c635c,.NET Core 3.1,False,True,False,True,Default,Default,False,False,False,Default,Default,Default,Default,Default,InProcessEmitToolchain,Default,1,Default,Default,Default,Default,Default,Default,Default,Default,16,Default,1000,4266,101.71 ns,0.081 ns,0.076 ns,101.73 ns,0.0000,0.0000,0.0000,0 B
Tunnel,InProcess,False,Default,Default,Default,Default,Default,Default,11,Empty,RyuJit,X64,8c5e7fda-e8bf-4a96-9a85-a6e23a8c635c,.NET Core 3.1,False,True,False,True,Default,Default,False,False,False,Default,Default,Default,Default,Default,InProcessEmitToolchain,Default,1,Default,Default,Default,Default,Default,Default,Default,Default,16,Default,1000,4266,"2,604.77 ns",3.510 ns,2.740 ns,"2,604.10 ns",0.0114,0.0000,0.0000,272 B
Atropos,InProcess,False,Default,Default,Default,Default,Default,Default,11,Empty,RyuJit,X64,8c5e7fda-e8bf-4a96-9a85-a6e23a8c635c,.NET Core 3.1,False,True,False,True,Default,Default,False,False,False,Default,Default,Default,Default,Default,InProcessEmitToolchain,Default,1,Default,Default,Default,Default,Default,Default,Default,Default,16,Default,1000,7877,"1,517.59 ns",11.070 ns,10.355 ns,"1,514.87 ns",0.1469,0.0000,0.0000,2776 B
Official,InProcess,False,Default,Default,Default,Default,Default,Default,11,Empty,RyuJit,X64,8c5e7fda-e8bf-4a96-9a85-a6e23a8c635c,.NET Core 3.1,False,True,False,True,Default,Default,False,False,False,Default,Default,Default,Default,Default,InProcessEmitToolchain,Default,1,Default,Default,Default,Default,Default,Default,Default,Default,16,Default,1000,7877,102.63 ns,0.060 ns,0.050 ns,102.64 ns,0.0000,0.0000,0.0000,0 B
Tunnel,InProcess,False,Default,Default,Default,Default,Default,Default,11,Empty,RyuJit,X64,8c5e7fda-e8bf-4a96-9a85-a6e23a8c635c,.NET Core 3.1,False,True,False,True,Default,Default,False,False,False,Default,Default,Default,Default,Default,InProcessEmitToolchain,Default,1,Default,Default,Default,Default,Default,Default,Default,Default,16,Default,1000,7877,"2,610.61 ns",2.626 ns,2.457 ns,"2,611.40 ns",0.0114,0.0000,0.0000,272 B
Atropos,InProcess,False,Default,Default,Default,Default,Default,Default,11,Empty,RyuJit,X64,8c5e7fda-e8bf-4a96-9a85-a6e23a8c635c,.NET Core 3.1,False,True,False,True,Default,Default,False,False,False,Default,Default,Default,Default,Default,InProcessEmitToolchain,Default,1,Default,Default,Default,Default,Default,Default,Default,Default,16,Default,1000,8507,"1,529.72 ns",10.864 ns,10.163 ns,"1,531.17 ns",0.1469,0.0000,0.0000,2776 B
Official,InProcess,False,Default,Default,Default,Default,Default,Default,11,Empty,RyuJit,X64,8c5e7fda-e8bf-4a96-9a85-a6e23a8c635c,.NET Core 3.1,False,True,False,True,Default,Default,False,False,False,Default,Default,Default,Default,Default,InProcessEmitToolchain,Default,1,Default,Default,Default,Default,Default,Default,Default,Default,16,Default,1000,8507,105.09 ns,0.142 ns,0.126 ns,105.06 ns,0.0000,0.0000,0.0000,0 B
Tunnel,InProcess,False,Default,Default,Default,Default,Default,Default,11,Empty,RyuJit,X64,8c5e7fda-e8bf-4a96-9a85-a6e23a8c635c,.NET Core 3.1,False,True,False,True,Default,Default,False,False,False,Default,Default,Default,Default,Default,InProcessEmitToolchain,Default,1,Default,Default,Default,Default,Default,Default,Default,Default,16,Default,1000,8507,"2,684.81 ns",2.203 ns,1.840 ns,"2,685.17 ns",0.0114,0.0000,0.0000,272 B
Atropos,InProcess,False,Default,Default,Default,Default,Default,Default,11,Empty,RyuJit,X64,8c5e7fda-e8bf-4a96-9a85-a6e23a8c635c,.NET Core 3.1,False,True,False,True,Default,Default,False,False,False,Default,Default,Default,Default,Default,InProcessEmitToolchain,Default,1,Default,Default,Default,Default,Default,Default,Default,Default,16,Default,1000,15799,"1,653.42 ns",7.356 ns,6.521 ns,"1,654.28 ns",0.1602,0.0000,0.0000,3000 B
Official,InProcess,False,Default,Default,Default,Default,Default,Default,11,Empty,RyuJit,X64,8c5e7fda-e8bf-4a96-9a85-a6e23a8c635c,.NET Core 3.1,False,True,False,True,Default,Default,False,False,False,Default,Default,Default,Default,Default,InProcessEmitToolchain,Default,1,Default,Default,Default,Default,Default,Default,Default,Default,16,Default,1000,15799,104.74 ns,0.144 ns,0.120 ns,104.76 ns,0.0000,0.0000,0.0000,0 B
Tunnel,InProcess,False,Default,Default,Default,Default,Default,Default,11,Empty,RyuJit,X64,8c5e7fda-e8bf-4a96-9a85-a6e23a8c635c,.NET Core 3.1,False,True,False,True,Default,Default,False,False,False,Default,Default,Default,Default,Default,InProcessEmitToolchain,Default,1,Default,Default,Default,Default,Default,Default,Default,Default,16,Default,1000,15799,"2,820.02 ns",2.745 ns,2.567 ns,"2,820.22 ns",0.0114,0.0000,0.0000,272 B
Atropos,InProcess,False,Default,Default,Default,Default,Default,Default,11,Empty,RyuJit,X64,8c5e7fda-e8bf-4a96-9a85-a6e23a8c635c,.NET Core 3.1,False,True,False,True,Default,Default,False,False,False,Default,Default,Default,Default,Default,InProcessEmitToolchain,Default,1,Default,Default,Default,Default,Default,Default,Default,Default,16,Default,1000,16969,"1,705.80 ns",32.236 ns,31.660 ns,"1,695.93 ns",0.1602,0.0000,0.0000,3000 B
Official,InProcess,False,Default,Default,Default,Default,Default,Default,11,Empty,RyuJit,X64,8c5e7fda-e8bf-4a96-9a85-a6e23a8c635c,.NET Core 3.1,False,True,False,True,Default,Default,False,False,False,Default,Default,Default,Default,Default,InProcessEmitToolchain,Default,1,Default,Default,Default,Default,Default,Default,Default,Default,16,Default,1000,16969,105.10 ns,0.085 ns,0.080 ns,105.10 ns,0.0000,0.0000,0.0000,0 B
Tunnel,InProcess,False,Default,Default,Default,Default,Default,Default,11,Empty,RyuJit,X64,8c5e7fda-e8bf-4a96-9a85-a6e23a8c635c,.NET Core 3.1,False,True,False,True,Default,Default,False,False,False,Default,Default,Default,Default,Default,InProcessEmitToolchain,Default,1,Default,Default,Default,Default,Default,Default,Default,Default,16,Default,1000,16969,"2,765.09 ns",1.656 ns,1.383 ns,"2,764.67 ns",0.0114,0.0000,0.0000,272 B
Atropos,InProcess,False,Default,Default,Default,Default,Default,Default,11,Empty,RyuJit,X64,8c5e7fda-e8bf-4a96-9a85-a6e23a8c635c,.NET Core 3.1,False,True,False,True,Default,Default,False,False,False,Default,Default,Default,Default,Default,InProcessEmitToolchain,Default,1,Default,Default,Default,Default,Default,Default,Default,Default,16,Default,1000,31676,"1,825.71 ns",15.295 ns,13.559 ns,"1,824.93 ns",0.1717,0.0000,0.0000,3224 B
Official,InProcess,False,Default,Default,Default,Default,Default,Default,11,Empty,RyuJit,X64,8c5e7fda-e8bf-4a96-9a85-a6e23a8c635c,.NET Core 3.1,False,True,False,True,Default,Default,False,False,False,Default,Default,Default,Default,Default,InProcessEmitToolchain,Default,1,Default,Default,Default,Default,Default,Default,Default,Default,16,Default,1000,31676,106.61 ns,0.058 ns,0.048 ns,106.61 ns,0.0000,0.0000,0.0000,0 B
Tunnel,InProcess,False,Default,Default,Default,Default,Default,Default,11,Empty,RyuJit,X64,8c5e7fda-e8bf-4a96-9a85-a6e23a8c635c,.NET Core 3.1,False,True,False,True,Default,Default,False,False,False,Default,Default,Default,Default,Default,InProcessEmitToolchain,Default,1,Default,Default,Default,Default,Default,Default,Default,Default,16,Default,1000,31676,"3,030.57 ns",0.922 ns,0.720 ns,"3,030.48 ns",0.0114,0.0000,0.0000,272 B
Atropos,InProcess,False,Default,Default,Default,Default,Default,Default,11,Empty,RyuJit,X64,8c5e7fda-e8bf-4a96-9a85-a6e23a8c635c,.NET Core 3.1,False,True,False,True,Default,Default,False,False,False,Default,Default,Default,Default,Default,InProcessEmitToolchain,Default,1,Default,Default,Default,Default,Default,Default,Default,Default,16,Default,1000,33860,"1,880.44 ns",31.112 ns,27.580 ns,"1,874.72 ns",0.1717,0.0000,0.0000,3224 B
Official,InProcess,False,Default,Default,Default,Default,Default,Default,11,Empty,RyuJit,X64,8c5e7fda-e8bf-4a96-9a85-a6e23a8c635c,.NET Core 3.1,False,True,False,True,Default,Default,False,False,False,Default,Default,Default,Default,Default,InProcessEmitToolchain,Default,1,Default,Default,Default,Default,Default,Default,Default,Default,16,Default,1000,33860,118.85 ns,0.060 ns,0.056 ns,118.85 ns,0.0000,0.0000,0.0000,0 B
Tunnel,InProcess,False,Default,Default,Default,Default,Default,Default,11,Empty,RyuJit,X64,8c5e7fda-e8bf-4a96-9a85-a6e23a8c635c,.NET Core 3.1,False,True,False,True,Default,Default,False,False,False,Default,Default,Default,Default,Default,InProcessEmitToolchain,Default,1,Default,Default,Default,Default,Default,Default,Default,Default,16,Default,1000,33860,"3,380.93 ns",4.723 ns,4.418 ns,"3,379.27 ns",0.0114,0.0000,0.0000,272 B
Atropos,InProcess,False,Default,Default,Default,Default,Default,Default,11,Empty,RyuJit,X64,8c5e7fda-e8bf-4a96-9a85-a6e23a8c635c,.NET Core 3.1,False,True,False,True,Default,Default,False,False,False,Default,Default,Default,Default,Default,InProcessEmitToolchain,Default,1,Default,Default,Default,Default,Default,Default,Default,Default,16,Default,1000,63488,"2,091.79 ns",25.068 ns,23.449 ns,"2,088.33 ns",0.1831,0.0000,0.0000,3448 B
Official,InProcess,False,Default,Default,Default,Default,Default,Default,11,Empty,RyuJit,X64,8c5e7fda-e8bf-4a96-9a85-a6e23a8c635c,.NET Core 3.1,False,True,False,True,Default,Default,False,False,False,Default,Default,Default,Default,Default,InProcessEmitToolchain,Default,1,Default,Default,Default,Default,Default,Default,Default,Default,16,Default,1000,63488,157.23 ns,0.150 ns,0.141 ns,157.20 ns,0.0000,0.0000,0.0000,0 B
Tunnel,InProcess,False,Default,Default,Default,Default,Default,Default,11,Empty,RyuJit,X64,8c5e7fda-e8bf-4a96-9a85-a6e23a8c635c,.NET Core 3.1,False,True,False,True,Default,Default,False,False,False,Default,Default,Default,Default,Default,InProcessEmitToolchain,Default,1,Default,Default,Default,Default,Default,Default,Default,Default,16,Default,1000,63488,"3,375.37 ns",1.319 ns,1.030 ns,"3,375.51 ns",0.0114,0.0000,0.0000,272 B
Atropos,InProcess,False,Default,Default,Default,Default,Default,Default,11,Empty,RyuJit,X64,8c5e7fda-e8bf-4a96-9a85-a6e23a8c635c,.NET Core 3.1,False,True,False,True,Default,Default,False,False,False,Default,Default,Default,Default,Default,InProcessEmitToolchain,Default,1,Default,Default,Default,Default,Default,Default,Default,Default,16,Default,1000,67584,"2,109.39 ns",23.674 ns,22.145 ns,"2,110.41 ns",0.1831,0.0000,0.0000,3448 B
Official,InProcess,False,Default,Default,Default,Default,Default,Default,11,Empty,RyuJit,X64,8c5e7fda-e8bf-4a96-9a85-a6e23a8c635c,.NET Core 3.1,False,True,False,True,Default,Default,False,False,False,Default,Default,Default,Default,Default,InProcessEmitToolchain,Default,1,Default,Default,Default,Default,Default,Default,Default,Default,16,Default,1000,67584,151.64 ns,0.487 ns,0.432 ns,151.48 ns,0.0000,0.0000,0.0000,0 B
Tunnel,InProcess,False,Default,Default,Default,Default,Default,Default,11,Empty,RyuJit,X64,8c5e7fda-e8bf-4a96-9a85-a6e23a8c635c,.NET Core 3.1,False,True,False,True,Default,Default,False,False,False,Default,Default,Default,Default,Default,InProcessEmitToolchain,Default,1,Default,Default,Default,Default,Default,Default,Default,Default,16,Default,1000,67584,"3,458.26 ns",1.231 ns,1.092 ns,"3,458.28 ns",0.0114,0.0000,0.0000,272 B
