Method,Job,AnalyzeLaunchVariance,EvaluateOverhead,MaxAbsoluteError,MaxRelativeError,MinInvokeCount,MinIterationTime,OutlierMode,Affinity,EnvironmentVariables,Jit,Platform,PowerPlanMode,Runtime,AllowVeryLargeObjects,Concurrent,CpuGroups,Force,HeapAffinitizeMask,HeapCount,NoAffinitize,RetainVm,Server,Arguments,BuildConfiguration,Clock,EngineFactory,NuGetReferences,Toolchain,IsMutator,InvocationCount,IterationCount,IterationTime,LaunchCount,MaxIterationCount,MaxWarmupIterationCount,MinIterationCount,MinWarmupIterationCount,RunStrategy,UnrollFactor,WarmupCount,Size,Mean,Error,StdDev,Gen 0,Gen 1,Gen 2,Allocated
Atropos,InProcess,False,Default,Default,Default,Default,Default,Default,11,Empty,RyuJit,X64,8c5e7fda-e8bf-4a96-9a85-a6e23a8c635c,.NET Core 3.1,False,True,False,True,Default,Default,False,False,False,Default,Default,Default,Default,Default,InProcessEmitToolchain,Default,1,Default,Default,Default,Default,Default,Default,Default,Default,16,Default,1,126.7 ns,2.62 ns,4.93 ns,0.0141,0.0000,0.0000,264 B
Official,InProcess,False,Default,Default,Default,Default,Default,Default,11,Empty,RyuJit,X64,8c5e7fda-e8bf-4a96-9a85-a6e23a8c635c,.NET Core 3.1,False,True,False,True,Default,Default,False,False,False,Default,Default,Default,Default,Default,InProcessEmitToolchain,Default,1,Default,Default,Default,Default,Default,Default,Default,Default,16,Default,1,413.6 ns,7.24 ns,6.77 ns,0.0091,0.0000,0.0000,176 B
Tunnel,InProcess,False,Default,Default,Default,Default,Default,Default,11,Empty,RyuJit,X64,8c5e7fda-e8bf-4a96-9a85-a6e23a8c635c,.NET Core 3.1,False,True,False,True,Default,Default,False,False,False,Default,Default,Default,Default,Default,InProcessEmitToolchain,Default,1,Default,Default,Default,Default,Default,Default,Default,Default,16,Default,1,160.0 ns,3.29 ns,9.60 ns,0.0110,0.0000,0.0000,208 B
Atropos,InProcess,False,Default,Default,Default,Default,Default,Default,11,Empty,RyuJit,X64,8c5e7fda-e8bf-4a96-9a85-a6e23a8c635c,.NET Core 3.1,False,True,False,True,Default,Default,False,False,False,Default,Default,Default,Default,Default,InProcessEmitToolchain,Default,1,Default,Default,Default,Default,Default,Default,Default,Default,16,Default,3,151.2 ns,3.05 ns,4.84 ns,0.0141,0.0000,0.0000,264 B
Official,InProcess,False,Default,Default,Default,Default,Default,Default,11,Empty,RyuJit,X64,8c5e7fda-e8bf-4a96-9a85-a6e23a8c635c,.NET Core 3.1,False,True,False,True,Default,Default,False,False,False,Default,Default,Default,Default,Default,InProcessEmitToolchain,Default,1,Default,Default,Default,Default,Default,Default,Default,Default,16,Default,3,429.4 ns,7.24 ns,9.67 ns,0.0148,0.0000,0.0000,280 B
Tunnel,InProcess,False,Default,Default,Default,Default,Default,Default,11,Empty,RyuJit,X64,8c5e7fda-e8bf-4a96-9a85-a6e23a8c635c,.NET Core 3.1,False,True,False,True,Default,Default,False,False,False,Default,Default,Default,Default,Default,InProcessEmitToolchain,Default,1,Default,Default,Default,Default,Default,Default,Default,Default,16,Default,3,200.7 ns,4.09 ns,4.70 ns,0.0110,0.0000,0.0000,208 B
Atropos,InProcess,False,Default,Default,Default,Default,Default,Default,11,Empty,RyuJit,X64,8c5e7fda-e8bf-4a96-9a85-a6e23a8c635c,.NET Core 3.1,False,True,False,True,Default,Default,False,False,False,Default,Default,Default,Default,Default,InProcessEmitToolchain,Default,1,Default,Default,Default,Default,Default,Default,Default,Default,16,Default,7,240.4 ns,4.69 ns,6.26 ns,0.0138,0.0000,0.0000,264 B
Official,InProcess,False,Default,Default,Default,Default,Default,Default,11,Empty,RyuJit,X64,8c5e7fda-e8bf-4a96-9a85-a6e23a8c635c,.NET Core 3.1,False,True,False,True,Default,Default,False,False,False,Default,Default,Default,Default,Default,InProcessEmitToolchain,Default,1,Default,Default,Default,Default,Default,Default,Default,Default,16,Default,7,558.5 ns,11.26 ns,17.20 ns,0.0257,0.0000,0.0000,488 B
Tunnel,InProcess,False,Default,Default,Default,Default,Default,Default,11,Empty,RyuJit,X64,8c5e7fda-e8bf-4a96-9a85-a6e23a8c635c,.NET Core 3.1,False,True,False,True,Default,Default,False,False,False,Default,Default,Default,Default,Default,InProcessEmitToolchain,Default,1,Default,Default,Default,Default,Default,Default,Default,Default,16,Default,7,299.7 ns,5.23 ns,8.44 ns,0.0110,0.0000,0.0000,208 B
Atropos,InProcess,False,Default,Default,Default,Default,Default,Default,11,Empty,RyuJit,X64,8c5e7fda-e8bf-4a96-9a85-a6e23a8c635c,.NET Core 3.1,False,True,False,True,Default,Default,False,False,False,Default,Default,Default,Default,Default,InProcessEmitToolchain,Default,1,Default,Default,Default,Default,Default,Default,Default,Default,16,Default,9,282.6 ns,5.56 ns,6.18 ns,0.0138,0.0000,0.0000,264 B
Official,InProcess,False,Default,Default,Default,Default,Default,Default,11,Empty,RyuJit,X64,8c5e7fda-e8bf-4a96-9a85-a6e23a8c635c,.NET Core 3.1,False,True,False,True,Default,Default,False,False,False,Default,Default,Default,Default,Default,InProcessEmitToolchain,Default,1,Default,Default,Default,Default,Default,Default,Default,Default,16,Default,9,617.8 ns,12.40 ns,17.79 ns,0.0315,0.0000,0.0000,592 B
Tunnel,InProcess,False,Default,Default,Default,Default,Default,Default,11,Empty,RyuJit,X64,8c5e7fda-e8bf-4a96-9a85-a6e23a8c635c,.NET Core 3.1,False,True,False,True,Default,Default,False,False,False,Default,Default,Default,Default,Default,InProcessEmitToolchain,Default,1,Default,Default,Default,Default,Default,Default,Default,Default,16,Default,9,476.1 ns,9.59 ns,17.78 ns,0.0200,0.0000,0.0000,392 B
Atropos,InProcess,False,Default,Default,Default,Default,Default,Default,11,Empty,RyuJit,X64,8c5e7fda-e8bf-4a96-9a85-a6e23a8c635c,.NET Core 3.1,False,True,False,True,Default,Default,False,False,False,Default,Default,Default,Default,Default,InProcessEmitToolchain,Default,1,Default,Default,Default,Default,Default,Default,Default,Default,16,Default,14,372.5 ns,7.40 ns,8.81 ns,0.0138,0.0000,0.0000,264 B
Official,InProcess,False,Default,Default,Default,Default,Default,Default,11,Empty,RyuJit,X64,8c5e7fda-e8bf-4a96-9a85-a6e23a8c635c,.NET Core 3.1,False,True,False,True,Default,Default,False,False,False,Default,Default,Default,Default,Default,InProcessEmitToolchain,Default,1,Default,Default,Default,Default,Default,Default,Default,Default,16,Default,14,791.9 ns,15.60 ns,23.35 ns,0.0448,0.0000,0.0000,848 B
Tunnel,InProcess,False,Default,Default,Default,Default,Default,Default,11,Empty,RyuJit,X64,8c5e7fda-e8bf-4a96-9a85-a6e23a8c635c,.NET Core 3.1,False,True,False,True,Default,Default,False,False,False,Default,Default,Default,Default,Default,InProcessEmitToolchain,Default,1,Default,Default,Default,Default,Default,Default,Default,Default,16,Default,14,602.0 ns,11.61 ns,12.90 ns,0.0200,0.0000,0.0000,392 B
Atropos,InProcess,False,Default,Default,Default,Default,Default,Default,11,Empty,RyuJit,X64,8c5e7fda-e8bf-4a96-9a85-a6e23a8c635c,.NET Core 3.1,False,True,False,True,Default,Default,False,False,False,Default,Default,Default,Default,Default,InProcessEmitToolchain,Default,1,Default,Default,Default,Default,Default,Default,Default,Default,16,Default,18,601.2 ns,11.67 ns,13.89 ns,0.0381,0.0000,0.0000,728 B
Official,InProcess,False,Default,Default,Default,Default,Default,Default,11,Empty,RyuJit,X64,8c5e7fda-e8bf-4a96-9a85-a6e23a8c635c,.NET Core 3.1,False,True,False,True,Default,Default,False,False,False,Default,Default,Default,Default,Default,InProcessEmitToolchain,Default,1,Default,Default,Default,Default,Default,Default,Default,Default,16,Default,18,887.7 ns,17.63 ns,31.33 ns,0.0563,0.0000,0.0000,1056 B
Tunnel,InProcess,False,Default,Default,Default,Default,Default,Default,11,Empty,RyuJit,X64,8c5e7fda-e8bf-4a96-9a85-a6e23a8c635c,.NET Core 3.1,False,True,False,True,Default,Default,False,False,False,Default,Default,Default,Default,Default,InProcessEmitToolchain,Default,1,Default,Default,Default,Default,Default,Default,Default,Default,16,Default,18,778.0 ns,15.09 ns,17.38 ns,0.0238,0.0000,0.0000,448 B
Atropos,InProcess,False,Default,Default,Default,Default,Default,Default,11,Empty,RyuJit,X64,8c5e7fda-e8bf-4a96-9a85-a6e23a8c635c,.NET Core 3.1,False,True,False,True,Default,Default,False,False,False,Default,Default,Default,Default,Default,InProcessEmitToolchain,Default,1,Default,Default,Default,Default,Default,Default,Default,Default,16,Default,29,"1,221.7 ns",23.29 ns,35.56 ns,0.0496,0.0000,0.0000,928 B
Official,InProcess,False,Default,Default,Default,Default,Default,Default,11,Empty,RyuJit,X64,8c5e7fda-e8bf-4a96-9a85-a6e23a8c635c,.NET Core 3.1,False,True,False,True,Default,Default,False,False,False,Default,Default,Default,Default,Default,InProcessEmitToolchain,Default,1,Default,Default,Default,Default,Default,Default,Default,Default,16,Default,29,"1,226.6 ns",24.43 ns,45.28 ns,0.0858,0.0000,0.0000,1632 B
Tunnel,InProcess,False,Default,Default,Default,Default,Default,Default,11,Empty,RyuJit,X64,8c5e7fda-e8bf-4a96-9a85-a6e23a8c635c,.NET Core 3.1,False,True,False,True,Default,Default,False,False,False,Default,Default,Default,Default,Default,InProcessEmitToolchain,Default,1,Default,Default,Default,Default,Default,Default,Default,Default,16,Default,29,"1,131.1 ns",22.61 ns,34.52 ns,0.0267,0.0000,0.0000,504 B
Atropos,InProcess,False,Default,Default,Default,Default,Default,Default,11,Empty,RyuJit,X64,8c5e7fda-e8bf-4a96-9a85-a6e23a8c635c,.NET Core 3.1,False,True,False,True,Default,Default,False,False,False,Default,Default,Default,Default,Default,InProcessEmitToolchain,Default,1,Default,Default,Default,Default,Default,Default,Default,Default,16,Default,35,"1,556.6 ns",26.03 ns,25.56 ns,0.0591,0.0000,0.0000,1128 B
Official,InProcess,False,Default,Default,Default,Default,Default,Default,11,Empty,RyuJit,X64,8c5e7fda-e8bf-4a96-9a85-a6e23a8c635c,.NET Core 3.1,False,True,False,True,Default,Default,False,False,False,Default,Default,Default,Default,Default,InProcessEmitToolchain,Default,1,Default,Default,Default,Default,Default,Default,Default,Default,16,Default,35,"1,382.9 ns",27.41 ns,50.13 ns,0.1030,0.0000,0.0000,1944 B
Tunnel,InProcess,False,Default,Default,Default,Default,Default,Default,11,Empty,RyuJit,X64,8c5e7fda-e8bf-4a96-9a85-a6e23a8c635c,.NET Core 3.1,False,True,False,True,Default,Default,False,False,False,Default,Default,Default,Default,Default,InProcessEmitToolchain,Default,1,Default,Default,Default,Default,Default,Default,Default,Default,16,Default,35,"1,386.2 ns",25.34 ns,22.46 ns,0.0286,0.0000,0.0000,560 B
Atropos,InProcess,False,Default,Default,Default,Default,Default,Default,11,Empty,RyuJit,X64,8c5e7fda-e8bf-4a96-9a85-a6e23a8c635c,.NET Core 3.1,False,True,False,True,Default,Default,False,False,False,Default,Default,Default,Default,Default,InProcessEmitToolchain,Default,1,Default,Default,Default,Default,Default,Default,Default,Default,16,Default,59,"2,936.9 ns",58.78 ns,84.30 ns,0.0916,0.0000,0.0000,1728 B
Official,InProcess,False,Default,Default,Default,Default,Default,Default,11,Empty,RyuJit,X64,8c5e7fda-e8bf-4a96-9a85-a6e23a8c635c,.NET Core 3.1,False,True,False,True,Default,Default,False,False,False,Default,Default,Default,Default,Default,InProcessEmitToolchain,Default,1,Default,Default,Default,Default,Default,Default,Default,Default,16,Default,59,"2,335.3 ns",59.72 ns,176.10 ns,0.1678,0.0000,0.0000,3192 B
Tunnel,InProcess,False,Default,Default,Default,Default,Default,Default,11,Empty,RyuJit,X64,8c5e7fda-e8bf-4a96-9a85-a6e23a8c635c,.NET Core 3.1,False,True,False,True,Default,Default,False,False,False,Default,Default,Default,Default,Default,InProcessEmitToolchain,Default,1,Default,Default,Default,Default,Default,Default,Default,Default,16,Default,59,"2,243.5 ns",43.32 ns,48.15 ns,0.0381,0.0000,0.0000,728 B
Atropos,InProcess,False,Default,Default,Default,Default,Default,Default,11,Empty,RyuJit,X64,8c5e7fda-e8bf-4a96-9a85-a6e23a8c635c,.NET Core 3.1,False,True,False,True,Default,Default,False,False,False,Default,Default,Default,Default,Default,InProcessEmitToolchain,Default,1,Default,Default,Default,Default,Default,Default,Default,Default,16,Default,69,"3,503.0 ns",69.04 ns,70.90 ns,0.1030,0.0000,0.0000,1928 B
Official,InProcess,False,Default,Default,Default,Default,Default,Default,11,Empty,RyuJit,X64,8c5e7fda-e8bf-4a96-9a85-a6e23a8c635c,.NET Core 3.1,False,True,False,True,Default,Default,False,False,False,Default,Default,Default,Default,Default,InProcessEmitToolchain,Default,1,Default,Default,Default,Default,Default,Default,Default,Default,16,Default,69,"2,429.5 ns",48.29 ns,70.78 ns,0.1984,0.0038,0.0000,3712 B
Tunnel,InProcess,False,Default,Default,Default,Default,Default,Default,11,Empty,RyuJit,X64,8c5e7fda-e8bf-4a96-9a85-a6e23a8c635c,.NET Core 3.1,False,True,False,True,Default,Default,False,False,False,Default,Default,Default,Default,Default,InProcessEmitToolchain,Default,1,Default,Default,Default,Default,Default,Default,Default,Default,16,Default,69,"3,161.2 ns",62.31 ns,69.26 ns,0.0687,0.0000,0.0000,1344 B
Atropos,InProcess,False,Default,Default,Default,Default,Default,Default,11,Empty,RyuJit,X64,8c5e7fda-e8bf-4a96-9a85-a6e23a8c635c,.NET Core 3.1,False,True,False,True,Default,Default,False,False,False,Default,Default,Default,Default,Default,InProcessEmitToolchain,Default,1,Default,Default,Default,Default,Default,Default,Default,Default,16,Default,119,"6,133.6 ns",121.14 ns,161.72 ns,0.1602,0.0000,0.0000,3128 B
Official,InProcess,False,Default,Default,Default,Default,Default,Default,11,Empty,RyuJit,X64,8c5e7fda-e8bf-4a96-9a85-a6e23a8c635c,.NET Core 3.1,False,True,False,True,Default,Default,False,False,False,Default,Default,Default,Default,Default,InProcessEmitToolchain,Default,1,Default,Default,Default,Default,Default,Default,Default,Default,16,Default,119,"3,983.2 ns",79.52 ns,103.39 ns,0.3357,0.0076,0.0000,6312 B
Tunnel,InProcess,False,Default,Default,Default,Default,Default,Default,11,Empty,RyuJit,X64,8c5e7fda-e8bf-4a96-9a85-a6e23a8c635c,.NET Core 3.1,False,True,False,True,Default,Default,False,False,False,Default,Default,Default,Default,Default,InProcessEmitToolchain,Default,1,Default,Default,Default,Default,Default,Default,Default,Default,16,Default,119,"5,625.3 ns",109.78 ns,142.75 ns,0.0839,0.0000,0.0000,1680 B
Atropos,InProcess,False,Default,Default,Default,Default,Default,Default,11,Empty,RyuJit,X64,8c5e7fda-e8bf-4a96-9a85-a6e23a8c635c,.NET Core 3.1,False,True,False,True,Default,Default,False,False,False,Default,Default,Default,Default,Default,InProcessEmitToolchain,Default,1,Default,Default,Default,Default,Default,Default,Default,Default,16,Default,137,"7,579.4 ns",149.29 ns,199.30 ns,0.2289,0.0000,0.0000,4520 B
Official,InProcess,False,Default,Default,Default,Default,Default,Default,11,Empty,RyuJit,X64,8c5e7fda-e8bf-4a96-9a85-a6e23a8c635c,.NET Core 3.1,False,True,False,True,Default,Default,False,False,False,Default,Default,Default,Default,Default,InProcessEmitToolchain,Default,1,Default,Default,Default,Default,Default,Default,Default,Default,16,Default,137,"4,490.0 ns",88.74 ns,181.27 ns,0.3815,0.0076,0.0000,7248 B
Tunnel,InProcess,False,Default,Default,Default,Default,Default,Default,11,Empty,RyuJit,X64,8c5e7fda-e8bf-4a96-9a85-a6e23a8c635c,.NET Core 3.1,False,True,False,True,Default,Default,False,False,False,Default,Default,Default,Default,Default,InProcessEmitToolchain,Default,1,Default,Default,Default,Default,Default,Default,Default,Default,16,Default,137,"6,631.5 ns",132.23 ns,129.87 ns,0.1068,0.0000,0.0000,2064 B
Atropos,InProcess,False,Default,Default,Default,Default,Default,Default,11,Empty,RyuJit,X64,8c5e7fda-e8bf-4a96-9a85-a6e23a8c635c,.NET Core 3.1,False,True,False,True,Default,Default,False,False,False,Default,Default,Default,Default,Default,InProcessEmitToolchain,Default,1,Default,Default,Default,Default,Default,Default,Default,Default,16,Default,240,"16,171.0 ns",323.24 ns,396.97 ns,0.3967,0.0000,0.0000,7448 B
Official,InProcess,False,Default,Default,Default,Default,Default,Default,11,Empty,RyuJit,X64,8c5e7fda-e8bf-4a96-9a85-a6e23a8c635c,.NET Core 3.1,False,True,False,True,Default,Default,False,False,False,Default,Default,Default,Default,Default,InProcessEmitToolchain,Default,1,Default,Default,Default,Default,Default,Default,Default,Default,16,Default,240,"7,668.9 ns",145.03 ns,167.01 ns,0.6714,0.0305,0.0000,12600 B
Tunnel,InProcess,False,Default,Default,Default,Default,Default,Default,11,Empty,RyuJit,X64,8c5e7fda-e8bf-4a96-9a85-a6e23a8c635c,.NET Core 3.1,False,True,False,True,Default,Default,False,False,False,Default,Default,Default,Default,Default,InProcessEmitToolchain,Default,1,Default,Default,Default,Default,Default,Default,Default,Default,16,Default,240,"11,566.1 ns",224.60 ns,240.32 ns,0.1526,0.0000,0.0000,2952 B
Atropos,InProcess,False,Default,Default,Default,Default,Default,Default,11,Empty,RyuJit,X64,8c5e7fda-e8bf-4a96-9a85-a6e23a8c635c,.NET Core 3.1,False,True,False,True,Default,Default,False,False,False,Default,Default,Default,Default,Default,InProcessEmitToolchain,Default,1,Default,Default,Default,Default,Default,Default,Default,Default,16,Default,272,"19,562.1 ns",381.90 ns,616.69 ns,0.4578,0.0000,0.0000,8776 B
Official,InProcess,False,Default,Default,Default,Default,Default,Default,11,Empty,RyuJit,X64,8c5e7fda-e8bf-4a96-9a85-a6e23a8c635c,.NET Core 3.1,False,True,False,True,Default,Default,False,False,False,Default,Default,Default,Default,Default,InProcessEmitToolchain,Default,1,Default,Default,Default,Default,Default,Default,Default,Default,16,Default,272,"8,584.6 ns",171.23 ns,245.57 ns,0.7629,0.0458,0.0000,14264 B
Tunnel,InProcess,False,Default,Default,Default,Default,Default,Default,11,Empty,RyuJit,X64,8c5e7fda-e8bf-4a96-9a85-a6e23a8c635c,.NET Core 3.1,False,True,False,True,Default,Default,False,False,False,Default,Default,Default,Default,Default,InProcessEmitToolchain,Default,1,Default,Default,Default,Default,Default,Default,Default,Default,16,Default,272,"13,388.8 ns",246.47 ns,230.55 ns,0.1678,0.0000,0.0000,3392 B
Atropos,InProcess,False,Default,Default,Default,Default,Default,Default,11,Empty,RyuJit,X64,8c5e7fda-e8bf-4a96-9a85-a6e23a8c635c,.NET Core 3.1,False,True,False,True,Default,Default,False,False,False,Default,Default,Default,Default,Default,InProcessEmitToolchain,Default,1,Default,Default,Default,Default,Default,Default,Default,Default,16,Default,484,"37,823.8 ns",756.07 ns,"1,283.87 ns",0.7935,0.0610,0.0000,15760 B
Official,InProcess,False,Default,Default,Default,Default,Default,Default,11,Empty,RyuJit,X64,8c5e7fda-e8bf-4a96-9a85-a6e23a8c635c,.NET Core 3.1,False,True,False,True,Default,Default,False,False,False,Default,Default,Default,Default,Default,InProcessEmitToolchain,Default,1,Default,Default,Default,Default,Default,Default,Default,Default,16,Default,484,"15,070.1 ns",291.10 ns,335.23 ns,1.3428,0.1526,0.0000,25288 B
Tunnel,InProcess,False,Default,Default,Default,Default,Default,Default,11,Empty,RyuJit,X64,8c5e7fda-e8bf-4a96-9a85-a6e23a8c635c,.NET Core 3.1,False,True,False,True,Default,Default,False,False,False,Default,Default,Default,Default,Default,InProcessEmitToolchain,Default,1,Default,Default,Default,Default,Default,Default,Default,Default,16,Default,484,"24,596.3 ns",464.66 ns,477.17 ns,0.2747,0.0000,0.0000,5552 B
Atropos,InProcess,False,Default,Default,Default,Default,Default,Default,11,Empty,RyuJit,X64,8c5e7fda-e8bf-4a96-9a85-a6e23a8c635c,.NET Core 3.1,False,True,False,True,Default,Default,False,False,False,Default,Default,Default,Default,Default,InProcessEmitToolchain,Default,1,Default,Default,Default,Default,Default,Default,Default,Default,16,Default,540,"43,279.4 ns",843.51 ns,"1,313.25 ns",0.9155,0.0610,0.0000,17688 B
Official,InProcess,False,Default,Default,Default,Default,Default,Default,11,Empty,RyuJit,X64,8c5e7fda-e8bf-4a96-9a85-a6e23a8c635c,.NET Core 3.1,False,True,False,True,Default,Default,False,False,False,Default,Default,Default,Default,Default,InProcessEmitToolchain,Default,1,Default,Default,Default,Default,Default,Default,Default,Default,16,Default,540,"16,563.6 ns",319.93 ns,355.61 ns,1.4954,0.1831,0.0000,28200 B
Tunnel,InProcess,False,Default,Default,Default,Default,Default,Default,11,Empty,RyuJit,X64,8c5e7fda-e8bf-4a96-9a85-a6e23a8c635c,.NET Core 3.1,False,True,False,True,Default,Default,False,False,False,Default,Default,Default,Default,Default,InProcessEmitToolchain,Default,1,Default,Default,Default,Default,Default,Default,Default,Default,16,Default,540,"31,429.3 ns",619.58 ns,908.18 ns,0.3662,0.0000,0.0000,6976 B
Atropos,InProcess,False,Default,Default,Default,Default,Default,Default,11,Empty,RyuJit,X64,8c5e7fda-e8bf-4a96-9a85-a6e23a8c635c,.NET Core 3.1,False,True,False,True,Default,Default,False,False,False,Default,Default,Default,Default,Default,InProcessEmitToolchain,Default,1,Default,Default,Default,Default,Default,Default,Default,Default,16,Default,973,"81,192.3 ns","1,611.10 ns","1,507.02 ns",1.7090,0.2441,0.0000,32184 B
Official,InProcess,False,Default,Default,Default,Default,Default,Default,11,Empty,RyuJit,X64,8c5e7fda-e8bf-4a96-9a85-a6e23a8c635c,.NET Core 3.1,False,True,False,True,Default,Default,False,False,False,Default,Default,Default,Default,Default,InProcessEmitToolchain,Default,1,Default,Default,Default,Default,Default,Default,Default,Default,16,Default,973,"29,696.3 ns",582.87 ns,572.45 ns,2.6855,0.4578,0.0000,50720 B
Tunnel,InProcess,False,Default,Default,Default,Default,Default,Default,11,Empty,RyuJit,X64,8c5e7fda-e8bf-4a96-9a85-a6e23a8c635c,.NET Core 3.1,False,True,False,True,Default,Default,False,False,False,Default,Default,Default,Default,Default,InProcessEmitToolchain,Default,1,Default,Default,Default,Default,Default,Default,Default,Default,16,Default,973,"59,232.2 ns","1,174.92 ns","1,099.02 ns",0.6104,0.0000,0.0000,11512 B
Atropos,InProcess,False,Default,Default,Default,Default,Default,Default,11,Empty,RyuJit,X64,8c5e7fda-e8bf-4a96-9a85-a6e23a8c635c,.NET Core 3.1,False,True,False,True,Default,Default,False,False,False,Default,Default,Default,Default,Default,InProcessEmitToolchain,Default,1,Default,Default,Default,Default,Default,Default,Default,Default,16,Default,1075,"92,107.3 ns","1,663.30 ns","1,555.85 ns",1.8311,0.2441,0.0000,36104 B
Official,InProcess,False,Default,Default,Default,Default,Default,Default,11,Empty,RyuJit,X64,8c5e7fda-e8bf-4a96-9a85-a6e23a8c635c,.NET Core 3.1,False,True,False,True,Default,Default,False,False,False,Default,Default,Default,Default,Default,InProcessEmitToolchain,Default,1,Default,Default,Default,Default,Default,Default,Default,Default,16,Default,1075,"33,240.2 ns",664.43 ns,909.47 ns,2.9907,0.6104,0.0000,56024 B
Tunnel,InProcess,False,Default,Default,Default,Default,Default,Default,11,Empty,RyuJit,X64,8c5e7fda-e8bf-4a96-9a85-a6e23a8c635c,.NET Core 3.1,False,True,False,True,Default,Default,False,False,False,Default,Default,Default,Default,Default,InProcessEmitToolchain,Default,1,Default,Default,Default,Default,Default,Default,Default,Default,16,Default,1075,"65,813.3 ns","1,198.33 ns","1,679.89 ns",0.6104,0.0000,0.0000,12800 B
Atropos,InProcess,False,Default,Default,Default,Default,Default,Default,11,Empty,RyuJit,X64,8c5e7fda-e8bf-4a96-9a85-a6e23a8c635c,.NET Core 3.1,False,True,False,True,Default,Default,False,False,False,Default,Default,Default,Default,Default,InProcessEmitToolchain,Default,1,Default,Default,Default,Default,Default,Default,Default,Default,16,Default,1955,"204,682.9 ns","4,021.18 ns","6,606.92 ns",3.4180,0.7324,0.0000,66024 B
Official,InProcess,False,Default,Default,Default,Default,Default,Default,11,Empty,RyuJit,X64,8c5e7fda-e8bf-4a96-9a85-a6e23a8c635c,.NET Core 3.1,False,True,False,True,Default,Default,False,False,False,Default,Default,Default,Default,Default,InProcessEmitToolchain,Default,1,Default,Default,Default,Default,Default,Default,Default,Default,16,Default,1955,"59,972.4 ns","1,196.69 ns","2,064.24 ns",5.3711,1.5869,0.0000,101784 B
Tunnel,InProcess,False,Default,Default,Default,Default,Default,Default,11,Empty,RyuJit,X64,8c5e7fda-e8bf-4a96-9a85-a6e23a8c635c,.NET Core 3.1,False,True,False,True,Default,Default,False,False,False,Default,Default,Default,Default,Default,InProcessEmitToolchain,Default,1,Default,Default,Default,Default,Default,Default,Default,Default,16,Default,1955,"122,855.0 ns","2,088.59 ns","2,641.40 ns",0.9766,0.0000,0.0000,22328 B
Atropos,InProcess,False,Default,Default,Default,Default,Default,Default,11,Empty,RyuJit,X64,8c5e7fda-e8bf-4a96-9a85-a6e23a8c635c,.NET Core 3.1,False,True,False,True,Default,Default,False,False,False,Default,Default,Default,Default,Default,InProcessEmitToolchain,Default,1,Default,Default,Default,Default,Default,Default,Default,Default,16,Default,2141,"229,063.8 ns","4,511.33 ns","5,705.39 ns",3.6621,0.7324,0.0000,72736 B
Official,InProcess,False,Default,Default,Default,Default,Default,Default,11,Empty,RyuJit,X64,8c5e7fda-e8bf-4a96-9a85-a6e23a8c635c,.NET Core 3.1,False,True,False,True,Default,Default,False,False,False,Default,Default,Default,Default,Default,InProcessEmitToolchain,Default,1,Default,Default,Default,Default,Default,Default,Default,Default,16,Default,2141,"65,746.0 ns","1,287.72 ns","1,846.81 ns",5.8594,1.9531,0.0000,111456 B
Tunnel,InProcess,False,Default,Default,Default,Default,Default,Default,11,Empty,RyuJit,X64,8c5e7fda-e8bf-4a96-9a85-a6e23a8c635c,.NET Core 3.1,False,True,False,True,Default,Default,False,False,False,Default,Default,Default,Default,Default,InProcessEmitToolchain,Default,1,Default,Default,Default,Default,Default,Default,Default,Default,16,Default,2141,"136,964.7 ns","2,521.48 ns","2,358.59 ns",1.2207,0.0000,0.0000,24608 B
Atropos,InProcess,False,Default,Default,Default,Default,Default,Default,11,Empty,RyuJit,X64,8c5e7fda-e8bf-4a96-9a85-a6e23a8c635c,.NET Core 3.1,False,True,False,True,Default,Default,False,False,False,Default,Default,Default,Default,Default,InProcessEmitToolchain,Default,1,Default,Default,Default,Default,Default,Default,Default,Default,16,Default,3926,"447,177.5 ns","8,820.95 ns","12,929.64 ns",6.8359,1.9531,0.0000,133704 B
Official,InProcess,False,Default,Default,Default,Default,Default,Default,11,Empty,RyuJit,X64,8c5e7fda-e8bf-4a96-9a85-a6e23a8c635c,.NET Core 3.1,False,True,False,True,Default,Default,False,False,False,Default,Default,Default,Default,Default,InProcessEmitToolchain,Default,1,Default,Default,Default,Default,Default,Default,Default,Default,16,Default,3926,"123,755.4 ns","2,463.34 ns","3,371.85 ns",10.8643,5.3711,0.0000,204272 B
Tunnel,InProcess,False,Default,Default,Default,Default,Default,Default,11,Empty,RyuJit,X64,8c5e7fda-e8bf-4a96-9a85-a6e23a8c635c,.NET Core 3.1,False,True,False,True,Default,Default,False,False,False,Default,Default,Default,Default,Default,InProcessEmitToolchain,Default,1,Default,Default,Default,Default,Default,Default,Default,Default,16,Default,3926,"258,387.3 ns","5,149.05 ns","6,873.83 ns",1.9531,0.0000,0.0000,44176 B
Atropos,InProcess,False,Default,Default,Default,Default,Default,Default,11,Empty,RyuJit,X64,8c5e7fda-e8bf-4a96-9a85-a6e23a8c635c,.NET Core 3.1,False,True,False,True,Default,Default,False,False,False,Default,Default,Default,Default,Default,InProcessEmitToolchain,Default,1,Default,Default,Default,Default,Default,Default,Default,Default,16,Default,4266,"491,214.4 ns","9,755.67 ns","14,299.73 ns",7.3242,2.4414,0.0000,145472 B
Official,InProcess,False,Default,Default,Default,Default,Default,Default,11,Empty,RyuJit,X64,8c5e7fda-e8bf-4a96-9a85-a6e23a8c635c,.NET Core 3.1,False,True,False,True,Default,Default,False,False,False,Default,Default,Default,Default,Default,InProcessEmitToolchain,Default,1,Default,Default,Default,Default,Default,Default,Default,Default,16,Default,4266,"133,332.3 ns","2,642.18 ns","5,276.72 ns",11.7188,4.8828,0.0000,221952 B
Tunnel,InProcess,False,Default,Default,Default,Default,Default,Default,11,Empty,RyuJit,X64,8c5e7fda-e8bf-4a96-9a85-a6e23a8c635c,.NET Core 3.1,False,True,False,True,Default,Default,False,False,False,Default,Default,Default,Default,Default,InProcessEmitToolchain,Default,1,Default,Default,Default,Default,Default,Default,Default,Default,16,Default,4266,"298,687.4 ns","5,632.04 ns","4,992.65 ns",2.4414,0.4883,0.0000,49080 B
Atropos,InProcess,False,Default,Default,Default,Default,Default,Default,11,Empty,RyuJit,X64,8c5e7fda-e8bf-4a96-9a85-a6e23a8c635c,.NET Core 3.1,False,True,False,True,Default,Default,False,False,False,Default,Default,Default,Default,Default,InProcessEmitToolchain,Default,1,Default,Default,Default,Default,Default,Default,Default,Default,16,Default,7877,"1,036,919.6 ns","24,755.69 ns","72,992.71 ns",13.6719,5.8594,0.0000,269464 B
Official,InProcess,False,Default,Default,Default,Default,Default,Default,11,Empty,RyuJit,X64,8c5e7fda-e8bf-4a96-9a85-a6e23a8c635c,.NET Core 3.1,False,True,False,True,Default,Default,False,False,False,Default,Default,Default,Default,Default,InProcessEmitToolchain,Default,1,Default,Default,Default,Default,Default,Default,Default,Default,16,Default,7877,"295,215.5 ns","5,821.18 ns","8,712.87 ns",21.4844,10.7422,0.0000,409728 B
Tunnel,InProcess,False,Default,Default,Default,Default,Default,Default,11,Empty,RyuJit,X64,8c5e7fda-e8bf-4a96-9a85-a6e23a8c635c,.NET Core 3.1,False,True,False,True,Default,Default,False,False,False,Default,Default,Default,Default,Default,InProcessEmitToolchain,Default,1,Default,Default,Default,Default,Default,Default,Default,Default,16,Default,7877,"671,609.8 ns","13,089.23 ns","16,553.69 ns",3.9063,0.9766,0.0000,89056 B
Atropos,InProcess,False,Default,Default,Default,Default,Default,Default,11,Empty,RyuJit,X64,8c5e7fda-e8bf-4a96-9a85-a6e23a8c635c,.NET Core 3.1,False,True,False,True,Default,Default,False,False,False,Default,Default,Default,Default,Default,InProcessEmitToolchain,Default,1,Default,Default,Default,Default,Default,Default,Default,Default,16,Default,8507,"1,161,455.9 ns","17,526.94 ns","16,394.71 ns",13.6719,5.8594,0.0000,291336 B
Official,InProcess,False,Default,Default,Default,Default,Default,Default,11,Empty,RyuJit,X64,8c5e7fda-e8bf-4a96-9a85-a6e23a8c635c,.NET Core 3.1,False,True,False,True,Default,Default,False,False,False,Default,Default,Default,Default,Default,InProcessEmitToolchain,Default,1,Default,Default,Default,Default,Default,Default,Default,Default,16,Default,8507,"311,535.1 ns","5,969.84 ns","7,969.56 ns",23.4375,11.7188,0.0000,442488 B
Tunnel,InProcess,False,Default,Default,Default,Default,Default,Default,11,Empty,RyuJit,X64,8c5e7fda-e8bf-4a96-9a85-a6e23a8c635c,.NET Core 3.1,False,True,False,True,Default,Default,False,False,False,Default,Default,Default,Default,Default,InProcessEmitToolchain,Default,1,Default,Default,Default,Default,Default,Default,Default,Default,16,Default,8507,"705,287.7 ns","13,580.23 ns","13,337.60 ns",4.8828,0.9766,0.0000,96240 B
Atropos,InProcess,False,Default,Default,Default,Default,Default,Default,11,Empty,RyuJit,X64,8c5e7fda-e8bf-4a96-9a85-a6e23a8c635c,.NET Core 3.1,False,True,False,True,Default,Default,False,False,False,Default,Default,Default,Default,Default,InProcessEmitToolchain,Default,1,Default,Default,Default,Default,Default,Default,Default,Default,16,Default,15799,"2,385,355.8 ns","44,794.49 ns","43,994.18 ns",27.3438,11.7188,0.0000,541648 B
Official,InProcess,False,Default,Default,Default,Default,Default,Default,11,Empty,RyuJit,X64,8c5e7fda-e8bf-4a96-9a85-a6e23a8c635c,.NET Core 3.1,False,True,False,True,Default,Default,False,False,False,Default,Default,Default,Default,Default,InProcessEmitToolchain,Default,1,Default,Default,Default,Default,Default,Default,Default,Default,16,Default,15799,"632,346.6 ns","12,273.59 ns","15,073.08 ns",43.9453,21.4844,0.0000,821672 B
Tunnel,InProcess,False,Default,Default,Default,Default,Default,Default,11,Empty,RyuJit,X64,8c5e7fda-e8bf-4a96-9a85-a6e23a8c635c,.NET Core 3.1,False,True,False,True,Default,Default,False,False,False,Default,Default,Default,Default,Default,InProcessEmitToolchain,Default,1,Default,Default,Default,Default,Default,Default,Default,Default,16,Default,15799,"1,353,753.6 ns","26,096.99 ns","24,411.14 ns",7.8125,1.9531,0.0000,177168 B
Atropos,InProcess,False,Default,Default,Default,Default,Default,Default,11,Empty,RyuJit,X64,8c5e7fda-e8bf-4a96-9a85-a6e23a8c635c,.NET Core 3.1,False,True,False,True,Default,Default,False,False,False,Default,Default,Default,Default,Default,InProcessEmitToolchain,Default,1,Default,Default,Default,Default,Default,Default,Default,Default,16,Default,16969,"2,557,492.5 ns","48,708.97 ns","57,984.56 ns",27.3438,11.7188,0.0000,583192 B
Official,InProcess,False,Default,Default,Default,Default,Default,Default,11,Empty,RyuJit,X64,8c5e7fda-e8bf-4a96-9a85-a6e23a8c635c,.NET Core 3.1,False,True,False,True,Default,Default,False,False,False,Default,Default,Default,Default,Default,InProcessEmitToolchain,Default,1,Default,Default,Default,Default,Default,Default,Default,Default,16,Default,16969,"671,153.5 ns","8,896.56 ns","7,886.57 ns",46.8750,19.5313,0.0000,882512 B
Tunnel,InProcess,False,Default,Default,Default,Default,Default,Default,11,Empty,RyuJit,X64,8c5e7fda-e8bf-4a96-9a85-a6e23a8c635c,.NET Core 3.1,False,True,False,True,Default,Default,False,False,False,Default,Default,Default,Default,Default,InProcessEmitToolchain,Default,1,Default,Default,Default,Default,Default,Default,Default,Default,16,Default,16969,"1,452,680.0 ns","28,927.97 ns","36,584.62 ns",9.7656,3.9063,0.0000,191008 B
Atropos,InProcess,False,Default,Default,Default,Default,Default,Default,11,Empty,RyuJit,X64,8c5e7fda-e8bf-4a96-9a85-a6e23a8c635c,.NET Core 3.1,False,True,False,True,Default,Default,False,False,False,Default,Default,Default,Default,Default,InProcessEmitToolchain,Default,1,Default,Default,Default,Default,Default,Default,Default,Default,16,Default,31676,"5,149,109.7 ns","100,811.27 ns","120,008.64 ns",54.6875,23.4375,0.0000,1088072 B
Official,InProcess,False,Default,Default,Default,Default,Default,Default,11,Empty,RyuJit,X64,8c5e7fda-e8bf-4a96-9a85-a6e23a8c635c,.NET Core 3.1,False,True,False,True,Default,Default,False,False,False,Default,Default,Default,Default,Default,InProcessEmitToolchain,Default,1,Default,Default,Default,Default,Default,Default,Default,Default,16,Default,31676,"1,691,529.3 ns","28,939.26 ns","45,054.93 ns",93.7500,54.6875,37.1094,1647272 B
Tunnel,InProcess,False,Default,Default,Default,Default,Default,Default,11,Empty,RyuJit,X64,8c5e7fda-e8bf-4a96-9a85-a6e23a8c635c,.NET Core 3.1,False,True,False,True,Default,Default,False,False,False,Default,Default,Default,Default,Default,InProcessEmitToolchain,Default,1,Default,Default,Default,Default,Default,Default,Default,Default,16,Default,31676,"2,786,093.3 ns","54,290.85 ns","74,313.92 ns",15.6250,7.8125,0.0000,354448 B
Atropos,InProcess,False,Default,Default,Default,Default,Default,Default,11,Empty,RyuJit,X64,8c5e7fda-e8bf-4a96-9a85-a6e23a8c635c,.NET Core 3.1,False,True,False,True,Default,Default,False,False,False,Default,Default,Default,Default,Default,InProcessEmitToolchain,Default,1,Default,Default,Default,Default,Default,Default,Default,Default,16,Default,33860,"5,438,679.6 ns","107,860.33 ns","124,212.11 ns",54.6875,23.4375,0.0000,1164320 B
Official,InProcess,False,Default,Default,Default,Default,Default,Default,11,Empty,RyuJit,X64,8c5e7fda-e8bf-4a96-9a85-a6e23a8c635c,.NET Core 3.1,False,True,False,True,Default,Default,False,False,False,Default,Default,Default,Default,Default,InProcessEmitToolchain,Default,1,Default,Default,Default,Default,Default,Default,Default,Default,16,Default,33860,"1,856,076.4 ns","35,410.89 ns","34,778.22 ns",121.0938,80.0781,39.0625,1760840 B
Tunnel,InProcess,False,Default,Default,Default,Default,Default,Default,11,Empty,RyuJit,X64,8c5e7fda-e8bf-4a96-9a85-a6e23a8c635c,.NET Core 3.1,False,True,False,True,Default,Default,False,False,False,Default,Default,Default,Default,Default,InProcessEmitToolchain,Default,1,Default,Default,Default,Default,Default,Default,Default,Default,16,Default,33860,"3,181,618.6 ns","34,488.80 ns","32,260.84 ns",19.5313,7.8125,0.0000,380816 B
Atropos,InProcess,False,Default,Default,Default,Default,Default,Default,11,Empty,RyuJit,X64,8c5e7fda-e8bf-4a96-9a85-a6e23a8c635c,.NET Core 3.1,False,True,False,True,Default,Default,False,False,False,Default,Default,Default,Default,Default,InProcessEmitToolchain,Default,1,Default,Default,Default,Default,Default,Default,Default,Default,16,Default,63488,"10,675,984.5 ns","178,605.53 ns","167,067.72 ns",109.3750,46.8750,0.0000,2182648 B
Official,InProcess,False,Default,Default,Default,Default,Default,Default,11,Empty,RyuJit,X64,8c5e7fda-e8bf-4a96-9a85-a6e23a8c635c,.NET Core 3.1,False,True,False,True,Default,Default,False,False,False,Default,Default,Default,Default,Default,InProcessEmitToolchain,Default,1,Default,Default,Default,Default,Default,Default,Default,Default,16,Default,63488,"3,900,435.5 ns","43,726.45 ns","40,901.75 ns",187.5000,109.3750,70.3125,3301496 B
Tunnel,InProcess,False,Default,Default,Default,Default,Default,Default,11,Empty,RyuJit,X64,8c5e7fda-e8bf-4a96-9a85-a6e23a8c635c,.NET Core 3.1,False,True,False,True,Default,Default,False,False,False,Default,Default,Default,Default,Default,InProcessEmitToolchain,Default,1,Default,Default,Default,Default,Default,Default,Default,Default,16,Default,63488,"6,164,873.2 ns","115,607.05 ns","108,138.91 ns",31.2500,15.6250,0.0000,710888 B
Atropos,InProcess,False,Default,Default,Default,Default,Default,Default,11,Empty,RyuJit,X64,8c5e7fda-e8bf-4a96-9a85-a6e23a8c635c,.NET Core 3.1,False,True,False,True,Default,Default,False,False,False,Default,Default,Default,Default,Default,InProcessEmitToolchain,Default,1,Default,Default,Default,Default,Default,Default,Default,Default,16,Default,67584,"11,441,629.3 ns","217,103.87 ns","213,225.03 ns",109.3750,46.8750,0.0000,2324384 B
Official,InProcess,False,Default,Default,Default,Default,Default,Default,11,Empty,RyuJit,X64,8c5e7fda-e8bf-4a96-9a85-a6e23a8c635c,.NET Core 3.1,False,True,False,True,Default,Default,False,False,False,Default,Default,Default,Default,Default,InProcessEmitToolchain,Default,1,Default,Default,Default,Default,Default,Default,Default,Default,16,Default,67584,"4,277,233.9 ns","85,409.49 ns","101,673.92 ns",195.3125,109.3750,70.3125,3514488 B
Tunnel,InProcess,False,Default,Default,Default,Default,Default,Default,11,Empty,RyuJit,X64,8c5e7fda-e8bf-4a96-9a85-a6e23a8c635c,.NET Core 3.1,False,True,False,True,Default,Default,False,False,False,Default,Default,Default,Default,Default,InProcessEmitToolchain,Default,1,Default,Default,Default,Default,Default,Default,Default,Default,16,Default,67584,"6,420,537.4 ns","108,227.70 ns","101,236.26 ns",39.0625,15.6250,0.0000,757208 B
