Method,Job,AnalyzeLaunchVariance,EvaluateOverhead,MaxAbsoluteError,MaxRelativeError,MinInvokeCount,MinIterationTime,OutlierMode,Affinity,EnvironmentVariables,Jit,Platform,PowerPlanMode,Runtime,AllowVeryLargeObjects,Concurrent,CpuGroups,Force,HeapAffinitizeMask,HeapCount,NoAffinitize,RetainVm,Server,Arguments,BuildConfiguration,Clock,EngineFactory,NuGetReferences,Toolchain,IsMutator,InvocationCount,IterationCount,IterationTime,LaunchCount,MaxIterationCount,MaxWarmupIterationCount,MinIterationCount,MinWarmupIterationCount,RunStrategy,UnrollFactor,WarmupCount,Repetitions,Size,Mean,Error,StdDev,Gen 0,Gen 1,Gen 2,Allocated
Atropos,InProcess,False,Default,Default,Default,Default,Default,Default,11,Empty,RyuJit,X64,8c5e7fda-e8bf-4a96-9a85-a6e23a8c635c,.NET Core 3.1,False,True,False,True,Default,Default,False,False,False,Default,Default,Default,Default,Default,InProcessEmitToolchain,Default,1,Default,Default,Default,Default,Default,Default,Default,Default,16,Default,1000,1,20.14 ns,0.003 ns,0.003 ns,0.0000,0.0000,0.0000,0 B
Official,InProcess,False,Default,Default,Default,Default,Default,Default,11,Empty,RyuJit,X64,8c5e7fda-e8bf-4a96-9a85-a6e23a8c635c,.NET Core 3.1,False,True,False,True,Default,Default,False,False,False,Default,Default,Default,Default,Default,InProcessEmitToolchain,Default,1,Default,Default,Default,Default,Default,Default,Default,Default,16,Default,1000,1,13.61 ns,0.004 ns,0.003 ns,0.0000,0.0000,0.0000,0 B
Tunnel,InProcess,False,Default,Default,Default,Default,Default,Default,11,Empty,RyuJit,X64,8c5e7fda-e8bf-4a96-9a85-a6e23a8c635c,.NET Core 3.1,False,True,False,True,Default,Default,False,False,False,Default,Default,Default,Default,Default,InProcessEmitToolchain,Default,1,Default,Default,Default,Default,Default,Default,Default,Default,16,Default,1000,1,145.18 ns,0.911 ns,0.807 ns,0.0072,0.0000,0.0000,136 B
Atropos,InProcess,False,Default,Default,Default,Default,Default,Default,11,Empty,RyuJit,X64,8c5e7fda-e8bf-4a96-9a85-a6e23a8c635c,.NET Core 3.1,False,True,False,True,Default,Default,False,False,False,Default,Default,Default,Default,Default,InProcessEmitToolchain,Default,1,Default,Default,Default,Default,Default,Default,Default,Default,16,Default,1000,3,33.22 ns,0.006 ns,0.005 ns,0.0000,0.0000,0.0000,0 B
Official,InProcess,False,Default,Default,Default,Default,Default,Default,11,Empty,RyuJit,X64,8c5e7fda-e8bf-4a96-9a85-a6e23a8c635c,.NET Core 3.1,False,True,False,True,Default,Default,False,False,False,Default,Default,Default,Default,Default,InProcessEmitToolchain,Default,1,Default,Default,Default,Default,Default,Default,Default,Default,16,Default,1000,3,14.52 ns,0.001 ns,0.001 ns,0.0000,0.0000,0.0000,0 B
Tunnel,InProcess,False,Default,Default,Default,Default,Default,Default,11,Empty,RyuJit,X64,8c5e7fda-e8bf-4a96-9a85-a6e23a8c635c,.NET Core 3.1,False,True,False,True,Default,Default,False,False,False,Default,Default,Default,Default,Default,InProcessEmitToolchain,Default,1,Default,Default,Default,Default,Default,Default,Default,Default,16,Default,1000,3,175.83 ns,1.632 ns,1.527 ns,0.0072,0.0000,0.0000,136 B
Atropos,InProcess,False,Default,Default,Default,Default,Default,Default,11,Empty,RyuJit,X64,8c5e7fda-e8bf-4a96-9a85-a6e23a8c635c,.NET Core 3.1,False,True,False,True,Default,Default,False,False,False,Default,Default,Default,Default,Default,InProcessEmitToolchain,Default,1,Default,Default,Default,Default,Default,Default,Default,Default,16,Default,1000,7,46.22 ns,0.004 ns,0.003 ns,0.0000,0.0000,0.0000,0 B
Official,InProcess,False,Default,Default,Default,Default,Default,Default,11,Empty,RyuJit,X64,8c5e7fda-e8bf-4a96-9a85-a6e23a8c635c,.NET Core 3.1,False,True,False,True,Default,Default,False,False,False,Default,Default,Default,Default,Default,InProcessEmitToolchain,Default,1,Default,Default,Default,Default,Default,Default,Default,Default,16,Default,1000,7,14.17 ns,0.002 ns,0.002 ns,0.0000,0.0000,0.0000,0 B
Tunnel,InProcess,False,Default,Default,Default,Default,Default,Default,11,Empty,RyuJit,X64,8c5e7fda-e8bf-4a96-9a85-a6e23a8c635c,.NET Core 3.1,False,True,False,True,Default,Default,False,False,False,Default,Default,Default,Default,Default,InProcessEmitToolchain,Default,1,Default,Default,Default,Default,Default,Default,Default,Default,16,Default,1000,7,208.32 ns,1.611 ns,1.507 ns,0.0072,0.0000,0.0000,136 B
Atropos,InProcess,False,Default,Default,Default,Default,Default,Default,11,Empty,RyuJit,X64,8c5e7fda-e8bf-4a96-9a85-a6e23a8c635c,.NET Core 3.1,False,True,False,True,Default,Default,False,False,False,Default,Default,Default,Default,Default,InProcessEmitToolchain,Default,1,Default,Default,Default,Default,Default,Default,Default,Default,16,Default,1000,9,59.23 ns,0.003 ns,0.003 ns,0.0000,0.0000,0.0000,0 B
Official,InProcess,False,Default,Default,Default,Default,Default,Default,11,Empty,RyuJit,X64,8c5e7fda-e8bf-4a96-9a85-a6e23a8c635c,.NET Core 3.1,False,True,False,True,Default,Default,False,False,False,Default,Default,Default,Default,Default,InProcessEmitToolchain,Default,1,Default,Default,Default,Default,Default,Default,Default,Default,16,Default,1000,9,14.98 ns,0.001 ns,0.001 ns,0.0000,0.0000,0.0000,0 B
Tunnel,InProcess,False,Default,Default,Default,Default,Default,Default,11,Empty,RyuJit,X64,8c5e7fda-e8bf-4a96-9a85-a6e23a8c635c,.NET Core 3.1,False,True,False,True,Default,Default,False,False,False,Default,Default,Default,Default,Default,InProcessEmitToolchain,Default,1,Default,Default,Default,Default,Default,Default,Default,Default,16,Default,1000,9,256.72 ns,1.384 ns,1.227 ns,0.0072,0.0000,0.0000,136 B
Atropos,InProcess,False,Default,Default,Default,Default,Default,Default,11,Empty,RyuJit,X64,8c5e7fda-e8bf-4a96-9a85-a6e23a8c635c,.NET Core 3.1,False,True,False,True,Default,Default,False,False,False,Default,Default,Default,Default,Default,InProcessEmitToolchain,Default,1,Default,Default,Default,Default,Default,Default,Default,Default,16,Default,1000,14,59.21 ns,0.006 ns,0.005 ns,0.0000,0.0000,0.0000,0 B
Official,InProcess,False,Default,Default,Default,Default,Default,Default,11,Empty,RyuJit,X64,8c5e7fda-e8bf-4a96-9a85-a6e23a8c635c,.NET Core 3.1,False,True,False,True,Default,Default,False,False,False,Default,Default,Default,Default,Default,InProcessEmitToolchain,Default,1,Default,Default,Default,Default,Default,Default,Default,Default,16,Default,1000,14,15.17 ns,0.001 ns,0.001 ns,0.0000,0.0000,0.0000,0 B
Tunnel,InProcess,False,Default,Default,Default,Default,Default,Default,11,Empty,RyuJit,X64,8c5e7fda-e8bf-4a96-9a85-a6e23a8c635c,.NET Core 3.1,False,True,False,True,Default,Default,False,False,False,Default,Default,Default,Default,Default,InProcessEmitToolchain,Default,1,Default,Default,Default,Default,Default,Default,Default,Default,16,Default,1000,14,313.60 ns,0.956 ns,0.894 ns,0.0072,0.0000,0.0000,136 B
Atropos,InProcess,False,Default,Default,Default,Default,Default,Default,11,Empty,RyuJit,X64,8c5e7fda-e8bf-4a96-9a85-a6e23a8c635c,.NET Core 3.1,False,True,False,True,Default,Default,False,False,False,Default,Default,Default,Default,Default,InProcessEmitToolchain,Default,1,Default,Default,Default,Default,Default,Default,Default,Default,16,Default,1000,18,72.14 ns,0.011 ns,0.009 ns,0.0000,0.0000,0.0000,0 B
Official,InProcess,False,Default,Default,Default,Default,Default,Default,11,Empty,RyuJit,X64,8c5e7fda-e8bf-4a96-9a85-a6e23a8c635c,.NET Core 3.1,False,True,False,True,Default,Default,False,False,False,Default,Default,Default,Default,Default,InProcessEmitToolchain,Default,1,Default,Default,Default,Default,Default,Default,Default,Default,16,Default,1000,18,15.78 ns,0.001 ns,0.001 ns,0.0000,0.0000,0.0000,0 B
Tunnel,InProcess,False,Default,Default,Default,Default,Default,Default,11,Empty,RyuJit,X64,8c5e7fda-e8bf-4a96-9a85-a6e23a8c635c,.NET Core 3.1,False,True,False,True,Default,Default,False,False,False,Default,Default,Default,Default,Default,InProcessEmitToolchain,Default,1,Default,Default,Default,Default,Default,Default,Default,Default,16,Default,1000,18,348.32 ns,3.388 ns,3.169 ns,0.0072,0.0000,0.0000,136 B
Atropos,InProcess,False,Default,Default,Default,Default,Default,Default,11,Empty,RyuJit,X64,8c5e7fda-e8bf-4a96-9a85-a6e23a8c635c,.NET Core 3.1,False,True,False,True,Default,Default,False,False,False,Default,Default,Default,Default,Default,InProcessEmitToolchain,Default,1,Default,Default,Default,Default,Default,Default,Default,Default,16,Default,1000,29,72.12 ns,0.006 ns,0.006 ns,0.0000,0.0000,0.0000,0 B
Official,InProcess,False,Default,Default,Default,Default,Default,Default,11,Empty,RyuJit,X64,8c5e7fda-e8bf-4a96-9a85-a6e23a8c635c,.NET Core 3.1,False,True,False,True,Default,Default,False,False,False,Default,Default,Default,Default,Default,InProcessEmitToolchain,Default,1,Default,Default,Default,Default,Default,Default,Default,Default,16,Default,1000,29,15.74 ns,0.003 ns,0.003 ns,0.0000,0.0000,0.0000,0 B
Tunnel,InProcess,False,Default,Default,Default,Default,Default,Default,11,Empty,RyuJit,X64,8c5e7fda-e8bf-4a96-9a85-a6e23a8c635c,.NET Core 3.1,False,True,False,True,Default,Default,False,False,False,Default,Default,Default,Default,Default,InProcessEmitToolchain,Default,1,Default,Default,Default,Default,Default,Default,Default,Default,16,Default,1000,29,367.51 ns,0.820 ns,0.727 ns,0.0072,0.0000,0.0000,136 B
Atropos,InProcess,False,Default,Default,Default,Default,Default,Default,11,Empty,RyuJit,X64,8c5e7fda-e8bf-4a96-9a85-a6e23a8c635c,.NET Core 3.1,False,True,False,True,Default,Default,False,False,False,Default,Default,Default,Default,Default,InProcessEmitToolchain,Default,1,Default,Default,Default,Default,Default,Default,Default,Default,16,Default,1000,35,85.55 ns,0.008 ns,0.007 ns,0.0000,0.0000,0.0000,0 B
Official,InProcess,False,Default,Default,Default,Default,Default,Default,11,Empty,RyuJit,X64,8c5e7fda-e8bf-4a96-9a85-a6e23a8c635c,.NET Core 3.1,False,True,False,True,Default,Default,False,False,False,Default,Default,Default,Default,Default,InProcessEmitToolchain,Default,1,Default,Default,Default,Default,Default,Default,Default,Default,16,Default,1000,35,16.92 ns,0.001 ns,0.001 ns,0.0000,0.0000,0.0000,0 B
Tunnel,InProcess,False,Default,Default,Default,Default,Default,Default,11,Empty,RyuJit,X64,8c5e7fda-e8bf-4a96-9a85-a6e23a8c635c,.NET Core 3.1,False,True,False,True,Default,Default,False,False,False,Default,Default,Default,Default,Default,InProcessEmitToolchain,Default,1,Default,Default,Default,Default,Default,Default,Default,Default,16,Default,1000,35,377.48 ns,0.985 ns,0.873 ns,0.0072,0.0000,0.0000,136 B
Atropos,InProcess,False,Default,Default,Default,Default,Default,Default,11,Empty,RyuJit,X64,8c5e7fda-e8bf-4a96-9a85-a6e23a8c635c,.NET Core 3.1,False,True,False,True,Default,Default,False,False,False,Default,Default,Default,Default,Default,InProcessEmitToolchain,Default,1,Default,Default,Default,Default,Default,Default,Default,Default,16,Default,1000,59,85.33 ns,0.012 ns,0.011 ns,0.0000,0.0000,0.0000,0 B
Official,InProcess,False,Default,Default,Default,Default,Default,Default,11,Empty,RyuJit,X64,8c5e7fda-e8bf-4a96-9a85-a6e23a8c635c,.NET Core 3.1,False,True,False,True,Default,Default,False,False,False,Default,Default,Default,Default,Default,InProcessEmitToolchain,Default,1,Default,Default,Default,Default,Default,Default,Default,Default,16,Default,1000,59,16.91 ns,0.002 ns,0.002 ns,0.0000,0.0000,0.0000,0 B
Tunnel,InProcess,False,Default,Default,Default,Default,Default,Default,11,Empty,RyuJit,X64,8c5e7fda-e8bf-4a96-9a85-a6e23a8c635c,.NET Core 3.1,False,True,False,True,Default,Default,False,False,False,Default,Default,Default,Default,Default,InProcessEmitToolchain,Default,1,Default,Default,Default,Default,Default,Default,Default,Default,16,Default,1000,59,388.67 ns,0.473 ns,0.419 ns,0.0072,0.0000,0.0000,136 B
Atropos,InProcess,False,Default,Default,Default,Default,Default,Default,11,Empty,RyuJit,X64,8c5e7fda-e8bf-4a96-9a85-a6e23a8c635c,.NET Core 3.1,False,True,False,True,Default,Default,False,False,False,Default,Default,Default,Default,Default,InProcessEmitToolchain,Default,1,Default,Default,Default,Default,Default,Default,Default,Default,16,Default,1000,69,97.75 ns,0.010 ns,0.008 ns,0.0000,0.0000,0.0000,0 B
Official,InProcess,False,Default,Default,Default,Default,Default,Default,11,Empty,RyuJit,X64,8c5e7fda-e8bf-4a96-9a85-a6e23a8c635c,.NET Core 3.1,False,True,False,True,Default,Default,False,False,False,Default,Default,Default,Default,Default,InProcessEmitToolchain,Default,1,Default,Default,Default,Default,Default,Default,Default,Default,16,Default,1000,69,18.07 ns,0.001 ns,0.001 ns,0.0000,0.0000,0.0000,0 B
Tunnel,InProcess,False,Default,Default,Default,Default,Default,Default,11,Empty,RyuJit,X64,8c5e7fda-e8bf-4a96-9a85-a6e23a8c635c,.NET Core 3.1,False,True,False,True,Default,Default,False,False,False,Default,Default,Default,Default,Default,InProcessEmitToolchain,Default,1,Default,Default,Default,Default,Default,Default,Default,Default,16,Default,1000,69,387.22 ns,0.726 ns,0.644 ns,0.0072,0.0000,0.0000,136 B
Atropos,InProcess,False,Default,Default,Default,Default,Default,Default,11,Empty,RyuJit,X64,8c5e7fda-e8bf-4a96-9a85-a6e23a8c635c,.NET Core 3.1,False,True,False,True,Default,Default,False,False,False,Default,Default,Default,Default,Default,InProcessEmitToolchain,Default,1,Default,Default,Default,Default,Default,Default,Default,Default,16,Default,1000,119,97.77 ns,0.008 ns,0.007 ns,0.0000,0.0000,0.0000,0 B
Official,InProcess,False,Default,Default,Default,Default,Default,Default,11,Empty,RyuJit,X64,8c5e7fda-e8bf-4a96-9a85-a6e23a8c635c,.NET Core 3.1,False,True,False,True,Default,Default,False,False,False,Default,Default,Default,Default,Default,InProcessEmitToolchain,Default,1,Default,Default,Default,Default,Default,Default,Default,Default,16,Default,1000,119,18.07 ns,0.005 ns,0.004 ns,0.0000,0.0000,0.0000,0 B
Tunnel,InProcess,False,Default,Default,Default,Default,Default,Default,11,Empty,RyuJit,X64,8c5e7fda-e8bf-4a96-9a85-a6e23a8c635c,.NET Core 3.1,False,True,False,True,Default,Default,False,False,False,Default,Default,Default,Default,Default,InProcessEmitToolchain,Default,1,Default,Default,Default,Default,Default,Default,Default,Default,16,Default,1000,119,528.64 ns,0.522 ns,0.489 ns,0.0067,0.0000,0.0000,136 B
Atropos,InProcess,False,Default,Default,Default,Default,Default,Default,11,Empty,RyuJit,X64,8c5e7fda-e8bf-4a96-9a85-a6e23a8c635c,.NET Core 3.1,False,True,False,True,Default,Default,False,False,False,Default,Default,Default,Default,Default,InProcessEmitToolchain,Default,1,Default,Default,Default,Default,Default,Default,Default,Default,16,Default,1000,137,86.09 ns,0.038 ns,0.030 ns,0.0000,0.0000,0.0000,0 B
Official,InProcess,False,Default,Default,Default,Default,Default,Default,11,Empty,RyuJit,X64,8c5e7fda-e8bf-4a96-9a85-a6e23a8c635c,.NET Core 3.1,False,True,False,True,Default,Default,False,False,False,Default,Default,Default,Default,Default,InProcessEmitToolchain,Default,1,Default,Default,Default,Default,Default,Default,Default,Default,16,Default,1000,137,25.68 ns,0.028 ns,0.027 ns,0.0000,0.0000,0.0000,0 B
Tunnel,InProcess,False,Default,Default,Default,Default,Default,Default,11,Empty,RyuJit,X64,8c5e7fda-e8bf-4a96-9a85-a6e23a8c635c,.NET Core 3.1,False,True,False,True,Default,Default,False,False,False,Default,Default,Default,Default,Default,InProcessEmitToolchain,Default,1,Default,Default,Default,Default,Default,Default,Default,Default,16,Default,1000,137,707.56 ns,0.442 ns,0.413 ns,0.0067,0.0000,0.0000,136 B
Atropos,InProcess,False,Default,Default,Default,Default,Default,Default,11,Empty,RyuJit,X64,8c5e7fda-e8bf-4a96-9a85-a6e23a8c635c,.NET Core 3.1,False,True,False,True,Default,Default,False,False,False,Default,Default,Default,Default,Default,InProcessEmitToolchain,Default,1,Default,Default,Default,Default,Default,Default,Default,Default,16,Default,1000,240,85.82 ns,0.012 ns,0.011 ns,0.0000,0.0000,0.0000,0 B
Official,InProcess,False,Default,Default,Default,Default,Default,Default,11,Empty,RyuJit,X64,8c5e7fda-e8bf-4a96-9a85-a6e23a8c635c,.NET Core 3.1,False,True,False,True,Default,Default,False,False,False,Default,Default,Default,Default,Default,InProcessEmitToolchain,Default,1,Default,Default,Default,Default,Default,Default,Default,Default,16,Default,1000,240,26.21 ns,0.020 ns,0.018 ns,0.0000,0.0000,0.0000,0 B
Tunnel,InProcess,False,Default,Default,Default,Default,Default,Default,11,Empty,RyuJit,X64,8c5e7fda-e8bf-4a96-9a85-a6e23a8c635c,.NET Core 3.1,False,True,False,True,Default,Default,False,False,False,Default,Default,Default,Default,Default,InProcessEmitToolchain,Default,1,Default,Default,Default,Default,Default,Default,Default,Default,16,Default,1000,240,717.15 ns,0.659 ns,0.584 ns,0.0067,0.0000,0.0000,136 B
Atropos,InProcess,False,Default,Default,Default,Default,Default,Default,11,Empty,RyuJit,X64,8c5e7fda-e8bf-4a96-9a85-a6e23a8c635c,.NET Core 3.1,False,True,False,True,Default,Default,False,False,False,Default,Default,Default,Default,Default,InProcessEmitToolchain,Default,1,Default,Default,Default,Default,Default,Default,Default,Default,16,Default,1000,272,85.68 ns,0.010 ns,0.010 ns,0.0000,0.0000,0.0000,0 B
Official,InProcess,False,Default,Default,Default,Default,Default,Default,11,Empty,RyuJit,X64,8c5e7fda-e8bf-4a96-9a85-a6e23a8c635c,.NET Core 3.1,False,True,False,True,Default,Default,False,False,False,Default,Default,Default,Default,Default,InProcessEmitToolchain,Default,1,Default,Default,Default,Default,Default,Default,Default,Default,16,Default,1000,272,26.29 ns,0.047 ns,0.041 ns,0.0000,0.0000,0.0000,0 B
Tunnel,InProcess,False,Default,Default,Default,Default,Default,Default,11,Empty,RyuJit,X64,8c5e7fda-e8bf-4a96-9a85-a6e23a8c635c,.NET Core 3.1,False,True,False,True,Default,Default,False,False,False,Default,Default,Default,Default,Default,InProcessEmitToolchain,Default,1,Default,Default,Default,Default,Default,Default,Default,Default,16,Default,1000,272,704.76 ns,0.486 ns,0.454 ns,0.0067,0.0000,0.0000,136 B
Atropos,InProcess,False,Default,Default,Default,Default,Default,Default,11,Empty,RyuJit,X64,8c5e7fda-e8bf-4a96-9a85-a6e23a8c635c,.NET Core 3.1,False,True,False,True,Default,Default,False,False,False,Default,Default,Default,Default,Default,InProcessEmitToolchain,Default,1,Default,Default,Default,Default,Default,Default,Default,Default,16,Default,1000,484,98.88 ns,0.007 ns,0.006 ns,0.0000,0.0000,0.0000,0 B
Official,InProcess,False,Default,Default,Default,Default,Default,Default,11,Empty,RyuJit,X64,8c5e7fda-e8bf-4a96-9a85-a6e23a8c635c,.NET Core 3.1,False,True,False,True,Default,Default,False,False,False,Default,Default,Default,Default,Default,InProcessEmitToolchain,Default,1,Default,Default,Default,Default,Default,Default,Default,Default,16,Default,1000,484,27.34 ns,0.041 ns,0.038 ns,0.0000,0.0000,0.0000,0 B
Tunnel,InProcess,False,Default,Default,Default,Default,Default,Default,11,Empty,RyuJit,X64,8c5e7fda-e8bf-4a96-9a85-a6e23a8c635c,.NET Core 3.1,False,True,False,True,Default,Default,False,False,False,Default,Default,Default,Default,Default,InProcessEmitToolchain,Default,1,Default,Default,Default,Default,Default,Default,Default,Default,16,Default,1000,484,812.04 ns,0.370 ns,0.346 ns,0.0067,0.0000,0.0000,136 B
Atropos,InProcess,False,Default,Default,Default,Default,Default,Default,11,Empty,RyuJit,X64,8c5e7fda-e8bf-4a96-9a85-a6e23a8c635c,.NET Core 3.1,False,True,False,True,Default,Default,False,False,False,Default,Default,Default,Default,Default,InProcessEmitToolchain,Default,1,Default,Default,Default,Default,Default,Default,Default,Default,16,Default,1000,540,98.73 ns,0.005 ns,0.004 ns,0.0000,0.0000,0.0000,0 B
Official,InProcess,False,Default,Default,Default,Default,Default,Default,11,Empty,RyuJit,X64,8c5e7fda-e8bf-4a96-9a85-a6e23a8c635c,.NET Core 3.1,False,True,False,True,Default,Default,False,False,False,Default,Default,Default,Default,Default,InProcessEmitToolchain,Default,1,Default,Default,Default,Default,Default,Default,Default,Default,16,Default,1000,540,28.46 ns,0.369 ns,0.345 ns,0.0000,0.0000,0.0000,0 B
Tunnel,InProcess,False,Default,Default,Default,Default,Default,Default,11,Empty,RyuJit,X64,8c5e7fda-e8bf-4a96-9a85-a6e23a8c635c,.NET Core 3.1,False,True,False,True,Default,Default,False,False,False,Default,Default,Default,Default,Default,InProcessEmitToolchain,Default,1,Default,Default,Default,Default,Default,Default,Default,Default,16,Default,1000,540,964.76 ns,0.458 ns,0.429 ns,0.0057,0.0000,0.0000,136 B
Atropos,InProcess,False,Default,Default,Default,Default,Default,Default,11,Empty,RyuJit,X64,8c5e7fda-e8bf-4a96-9a85-a6e23a8c635c,.NET Core 3.1,False,True,False,True,Default,Default,False,False,False,Default,Default,Default,Default,Default,InProcessEmitToolchain,Default,1,Default,Default,Default,Default,Default,Default,Default,Default,16,Default,1000,973,111.49 ns,0.008 ns,0.007 ns,0.0000,0.0000,0.0000,0 B
Official,InProcess,False,Default,Default,Default,Default,Default,Default,11,Empty,RyuJit,X64,8c5e7fda-e8bf-4a96-9a85-a6e23a8c635c,.NET Core 3.1,False,True,False,True,Default,Default,False,False,False,Default,Default,Default,Default,Default,InProcessEmitToolchain,Default,1,Default,Default,Default,Default,Default,Default,Default,Default,16,Default,1000,973,28.57 ns,0.029 ns,0.027 ns,0.0000,0.0000,0.0000,0 B
Tunnel,InProcess,False,Default,Default,Default,Default,Default,Default,11,Empty,RyuJit,X64,8c5e7fda-e8bf-4a96-9a85-a6e23a8c635c,.NET Core 3.1,False,True,False,True,Default,Default,False,False,False,Default,Default,Default,Default,Default,InProcessEmitToolchain,Default,1,Default,Default,Default,Default,Default,Default,Default,Default,16,Default,1000,973,962.83 ns,0.280 ns,0.262 ns,0.0057,0.0000,0.0000,136 B
Atropos,InProcess,False,Default,Default,Default,Default,Default,Default,11,Empty,RyuJit,X64,8c5e7fda-e8bf-4a96-9a85-a6e23a8c635c,.NET Core 3.1,False,True,False,True,Default,Default,False,False,False,Default,Default,Default,Default,Default,InProcessEmitToolchain,Default,1,Default,Default,Default,Default,Default,Default,Default,Default,16,Default,1000,1075,111.42 ns,0.009 ns,0.008 ns,0.0000,0.0000,0.0000,0 B
Official,InProcess,False,Default,Default,Default,Default,Default,Default,11,Empty,RyuJit,X64,8c5e7fda-e8bf-4a96-9a85-a6e23a8c635c,.NET Core 3.1,False,True,False,True,Default,Default,False,False,False,Default,Default,Default,Default,Default,InProcessEmitToolchain,Default,1,Default,Default,Default,Default,Default,Default,Default,Default,16,Default,1000,1075,28.63 ns,0.020 ns,0.019 ns,0.0000,0.0000,0.0000,0 B
Tunnel,InProcess,False,Default,Default,Default,Default,Default,Default,11,Empty,RyuJit,X64,8c5e7fda-e8bf-4a96-9a85-a6e23a8c635c,.NET Core 3.1,False,True,False,True,Default,Default,False,False,False,Default,Default,Default,Default,Default,InProcessEmitToolchain,Default,1,Default,Default,Default,Default,Default,Default,Default,Default,16,Default,1000,1075,971.09 ns,0.722 ns,0.563 ns,0.0057,0.0000,0.0000,136 B
Atropos,InProcess,False,Default,Default,Default,Default,Default,Default,11,Empty,RyuJit,X64,8c5e7fda-e8bf-4a96-9a85-a6e23a8c635c,.NET Core 3.1,False,True,False,True,Default,Default,False,False,False,Default,Default,Default,Default,Default,InProcessEmitToolchain,Default,1,Default,Default,Default,Default,Default,Default,Default,Default,16,Default,1000,1955,125.45 ns,0.016 ns,0.015 ns,0.0000,0.0000,0.0000,0 B
Official,InProcess,False,Default,Default,Default,Default,Default,Default,11,Empty,RyuJit,X64,8c5e7fda-e8bf-4a96-9a85-a6e23a8c635c,.NET Core 3.1,False,True,False,True,Default,Default,False,False,False,Default,Default,Default,Default,Default,InProcessEmitToolchain,Default,1,Default,Default,Default,Default,Default,Default,Default,Default,16,Default,1000,1955,30.60 ns,0.007 ns,0.007 ns,0.0000,0.0000,0.0000,0 B
Tunnel,InProcess,False,Default,Default,Default,Default,Default,Default,11,Empty,RyuJit,X64,8c5e7fda-e8bf-4a96-9a85-a6e23a8c635c,.NET Core 3.1,False,True,False,True,Default,Default,False,False,False,Default,Default,Default,Default,Default,InProcessEmitToolchain,Default,1,Default,Default,Default,Default,Default,Default,Default,Default,16,Default,1000,1955,"1,039.27 ns",0.813 ns,0.760 ns,0.0057,0.0000,0.0000,136 B
Atropos,InProcess,False,Default,Default,Default,Default,Default,Default,11,Empty,RyuJit,X64,8c5e7fda-e8bf-4a96-9a85-a6e23a8c635c,.NET Core 3.1,False,True,False,True,Default,Default,False,False,False,Default,Default,Default,Default,Default,InProcessEmitToolchain,Default,1,Default,Default,Default,Default,Default,Default,Default,Default,16,Default,1000,2141,125.21 ns,0.009 ns,0.007 ns,0.0000,0.0000,0.0000,0 B
Official,InProcess,False,Default,Default,Default,Default,Default,Default,11,Empty,RyuJit,X64,8c5e7fda-e8bf-4a96-9a85-a6e23a8c635c,.NET Core 3.1,False,True,False,True,Default,Default,False,False,False,Default,Default,Default,Default,Default,InProcessEmitToolchain,Default,1,Default,Default,Default,Default,Default,Default,Default,Default,16,Default,1000,2141,29.83 ns,0.029 ns,0.027 ns,0.0000,0.0000,0.0000,0 B
Tunnel,InProcess,False,Default,Default,Default,Default,Default,Default,11,Empty,RyuJit,X64,8c5e7fda-e8bf-4a96-9a85-a6e23a8c635c,.NET Core 3.1,False,True,False,True,Default,Default,False,False,False,Default,Default,Default,Default,Default,InProcessEmitToolchain,Default,1,Default,Default,Default,Default,Default,Default,Default,Default,16,Default,1000,2141,"1,035.19 ns",0.500 ns,0.417 ns,0.0057,0.0000,0.0000,136 B
Atropos,InProcess,False,Default,Default,Default,Default,Default,Default,11,Empty,RyuJit,X64,8c5e7fda-e8bf-4a96-9a85-a6e23a8c635c,.NET Core 3.1,False,True,False,True,Default,Default,False,False,False,Default,Default,Default,Default,Default,InProcessEmitToolchain,Default,1,Default,Default,Default,Default,Default,Default,Default,Default,16,Default,1000,3926,138.45 ns,0.027 ns,0.025 ns,0.0000,0.0000,0.0000,0 B
Official,InProcess,False,Default,Default,Default,Default,Default,Default,11,Empty,RyuJit,X64,8c5e7fda-e8bf-4a96-9a85-a6e23a8c635c,.NET Core 3.1,False,True,False,True,Default,Default,False,False,False,Default,Default,Default,Default,Default,InProcessEmitToolchain,Default,1,Default,Default,Default,Default,Default,Default,Default,Default,16,Default,1000,3926,30.03 ns,0.008 ns,0.007 ns,0.0000,0.0000,0.0000,0 B
Tunnel,InProcess,False,Default,Default,Default,Default,Default,Default,11,Empty,RyuJit,X64,8c5e7fda-e8bf-4a96-9a85-a6e23a8c635c,.NET Core 3.1,False,True,False,True,Default,Default,False,False,False,Default,Default,Default,Default,Default,InProcessEmitToolchain,Default,1,Default,Default,Default,Default,Default,Default,Default,Default,16,Default,1000,3926,"1,159.29 ns",0.347 ns,0.324 ns,0.0057,0.0000,0.0000,136 B
Atropos,InProcess,False,Default,Default,Default,Default,Default,Default,11,Empty,RyuJit,X64,8c5e7fda-e8bf-4a96-9a85-a6e23a8c635c,.NET Core 3.1,False,True,False,True,Default,Default,False,False,False,Default,Default,Default,Default,Default,InProcessEmitToolchain,Default,1,Default,Default,Default,Default,Default,Default,Default,Default,16,Default,1000,4266,138.24 ns,0.017 ns,0.015 ns,0.0000,0.0000,0.0000,0 B
Official,InProcess,False,Default,Default,Default,Default,Default,Default,11,Empty,RyuJit,X64,8c5e7fda-e8bf-4a96-9a85-a6e23a8c635c,.NET Core 3.1,False,True,False,True,Default,Default,False,False,False,Default,Default,Default,Default,Default,InProcessEmitToolchain,Default,1,Default,Default,Default,Default,Default,Default,Default,Default,16,Default,1000,4266,29.91 ns,0.004 ns,0.004 ns,0.0000,0.0000,0.0000,0 B
Tunnel,InProcess,False,Default,Default,Default,Default,Default,Default,11,Empty,RyuJit,X64,8c5e7fda-e8bf-4a96-9a85-a6e23a8c635c,.NET Core 3.1,False,True,False,True,Default,Default,False,False,False,Default,Default,Default,Default,Default,InProcessEmitToolchain,Default,1,Default,Default,Default,Default,Default,Default,Default,Default,16,Default,1000,4266,"1,304.25 ns",0.378 ns,0.315 ns,0.0057,0.0000,0.0000,136 B
Atropos,InProcess,False,Default,Default,Default,Default,Default,Default,11,Empty,RyuJit,X64,8c5e7fda-e8bf-4a96-9a85-a6e23a8c635c,.NET Core 3.1,False,True,False,True,Default,Default,False,False,False,Default,Default,Default,Default,Default,InProcessEmitToolchain,Default,1,Default,Default,Default,Default,Default,Default,Default,Default,16,Default,1000,7877,152.30 ns,0.053 ns,0.050 ns,0.0000,0.0000,0.0000,0 B
Official,InProcess,False,Default,Default,Default,Default,Default,Default,11,Empty,RyuJit,X64,8c5e7fda-e8bf-4a96-9a85-a6e23a8c635c,.NET Core 3.1,False,True,False,True,Default,Default,False,False,False,Default,Default,Default,Default,Default,InProcessEmitToolchain,Default,1,Default,Default,Default,Default,Default,Default,Default,Default,16,Default,1000,7877,32.23 ns,0.008 ns,0.007 ns,0.0000,0.0000,0.0000,0 B
Tunnel,InProcess,False,Default,Default,Default,Default,Default,Default,11,Empty,RyuJit,X64,8c5e7fda-e8bf-4a96-9a85-a6e23a8c635c,.NET Core 3.1,False,True,False,True,Default,Default,False,False,False,Default,Default,Default,Default,Default,InProcessEmitToolchain,Default,1,Default,Default,Default,Default,Default,Default,Default,Default,16,Default,1000,7877,"1,306.35 ns",0.792 ns,0.740 ns,0.0057,0.0000,0.0000,136 B
Atropos,InProcess,False,Default,Default,Default,Default,Default,Default,11,Empty,RyuJit,X64,8c5e7fda-e8bf-4a96-9a85-a6e23a8c635c,.NET Core 3.1,False,True,False,True,Default,Default,False,False,False,Default,Default,Default,Default,Default,InProcessEmitToolchain,Default,1,Default,Default,Default,Default,Default,Default,Default,Default,16,Default,1000,8507,151.39 ns,0.015 ns,0.013 ns,0.0000,0.0000,0.0000,0 B
Official,InProcess,False,Default,Default,Default,Default,Default,Default,11,Empty,RyuJit,X64,8c5e7fda-e8bf-4a96-9a85-a6e23a8c635c,.NET Core 3.1,False,True,False,True,Default,Default,False,False,False,Default,Default,Default,Default,Default,InProcessEmitToolchain,Default,1,Default,Default,Default,Default,Default,Default,Default,Default,16,Default,1000,8507,31.58 ns,0.008 ns,0.008 ns,0.0000,0.0000,0.0000,0 B
Tunnel,InProcess,False,Default,Default,Default,Default,Default,Default,11,Empty,RyuJit,X64,8c5e7fda-e8bf-4a96-9a85-a6e23a8c635c,.NET Core 3.1,False,True,False,True,Default,Default,False,False,False,Default,Default,Default,Default,Default,InProcessEmitToolchain,Default,1,Default,Default,Default,Default,Default,Default,Default,Default,16,Default,1000,8507,"1,322.45 ns",0.786 ns,0.736 ns,0.0057,0.0000,0.0000,136 B
Atropos,InProcess,False,Default,Default,Default,Default,Default,Default,11,Empty,RyuJit,X64,8c5e7fda-e8bf-4a96-9a85-a6e23a8c635c,.NET Core 3.1,False,True,False,True,Default,Default,False,False,False,Default,Default,Default,Default,Default,InProcessEmitToolchain,Default,1,Default,Default,Default,Default,Default,Default,Default,Default,16,Default,1000,15799,165.80 ns,0.047 ns,0.044 ns,0.0000,0.0000,0.0000,0 B
Official,InProcess,False,Default,Default,Default,Default,Default,Default,11,Empty,RyuJit,X64,8c5e7fda-e8bf-4a96-9a85-a6e23a8c635c,.NET Core 3.1,False,True,False,True,Default,Default,False,False,False,Default,Default,Default,Default,Default,InProcessEmitToolchain,Default,1,Default,Default,Default,Default,Default,Default,Default,Default,16,Default,1000,15799,33.07 ns,0.004 ns,0.004 ns,0.0000,0.0000,0.0000,0 B
Tunnel,InProcess,False,Default,Default,Default,Default,Default,Default,11,Empty,RyuJit,X64,8c5e7fda-e8bf-4a96-9a85-a6e23a8c635c,.NET Core 3.1,False,True,False,True,Default,Default,False,False,False,Default,Default,Default,Default,Default,InProcessEmitToolchain,Default,1,Default,Default,Default,Default,Default,Default,Default,Default,16,Default,1000,15799,"1,374.14 ns",0.439 ns,0.411 ns,0.0057,0.0000,0.0000,136 B
Atropos,InProcess,False,Default,Default,Default,Default,Default,Default,11,Empty,RyuJit,X64,8c5e7fda-e8bf-4a96-9a85-a6e23a8c635c,.NET Core 3.1,False,True,False,True,Default,Default,False,False,False,Default,Default,Default,Default,Default,InProcessEmitToolchain,Default,1,Default,Default,Default,Default,Default,Default,Default,Default,16,Default,1000,16969,165.86 ns,0.014 ns,0.012 ns,0.0000,0.0000,0.0000,0 B
Official,InProcess,False,Default,Default,Default,Default,Default,Default,11,Empty,RyuJit,X64,8c5e7fda-e8bf-4a96-9a85-a6e23a8c635c,.NET Core 3.1,False,True,False,True,Default,Default,False,False,False,Default,Default,Default,Default,Default,InProcessEmitToolchain,Default,1,Default,Default,Default,Default,Default,Default,Default,Default,16,Default,1000,16969,32.90 ns,0.004 ns,0.003 ns,0.0000,0.0000,0.0000,0 B
Tunnel,InProcess,False,Default,Default,Default,Default,Default,Default,11,Empty,RyuJit,X64,8c5e7fda-e8bf-4a96-9a85-a6e23a8c635c,.NET Core 3.1,False,True,False,True,Default,Default,False,False,False,Default,Default,Default,Default,Default,InProcessEmitToolchain,Default,1,Default,Default,Default,Default,Default,Default,Default,Default,16,Default,1000,16969,"1,371.10 ns",0.535 ns,0.474 ns,0.0057,0.0000,0.0000,136 B
Atropos,InProcess,False,Default,Default,Default,Default,Default,Default,11,Empty,RyuJit,X64,8c5e7fda-e8bf-4a96-9a85-a6e23a8c635c,.NET Core 3.1,False,True,False,True,Default,Default,False,False,False,Default,Default,Default,Default,Default,InProcessEmitToolchain,Default,1,Default,Default,Default,Default,Default,Default,Default,Default,16,Default,1000,31676,180.22 ns,0.014 ns,0.013 ns,0.0000,0.0000,0.0000,0 B
Official,InProcess,False,Default,Default,Default,Default,Default,Default,11,Empty,RyuJit,X64,8c5e7fda-e8bf-4a96-9a85-a6e23a8c635c,.NET Core 3.1,False,True,False,True,Default,Default,False,False,False,Default,Default,Default,Default,Default,InProcessEmitToolchain,Default,1,Default,Default,Default,Default,Default,Default,Default,Default,16,Default,1000,31676,35.05 ns,0.004 ns,0.004 ns,0.0000,0.0000,0.0000,0 B
Tunnel,InProcess,False,Default,Default,Default,Default,Default,Default,11,Empty,RyuJit,X64,8c5e7fda-e8bf-4a96-9a85-a6e23a8c635c,.NET Core 3.1,False,True,False,True,Default,Default,False,False,False,Default,Default,Default,Default,Default,InProcessEmitToolchain,Default,1,Default,Default,Default,Default,Default,Default,Default,Default,16,Default,1000,31676,"1,496.79 ns",0.239 ns,0.212 ns,0.0057,0.0000,0.0000,136 B
Atropos,InProcess,False,Default,Default,Default,Default,Default,Default,11,Empty,RyuJit,X64,8c5e7fda-e8bf-4a96-9a85-a6e23a8c635c,.NET Core 3.1,False,True,False,True,Default,Default,False,False,False,Default,Default,Default,Default,Default,InProcessEmitToolchain,Default,1,Default,Default,Default,Default,Default,Default,Default,Default,16,Default,1000,33860,180.32 ns,0.025 ns,0.022 ns,0.0000,0.0000,0.0000,0 B
Official,InProcess,False,Default,Default,Default,Default,Default,Default,11,Empty,RyuJit,X64,8c5e7fda-e8bf-4a96-9a85-a6e23a8c635c,.NET Core 3.1,False,True,False,True,Default,Default,False,False,False,Default,Default,Default,Default,Default,InProcessEmitToolchain,Default,1,Default,Default,Default,Default,Default,Default,Default,Default,16,Default,1000,33860,35.91 ns,0.004 ns,0.004 ns,0.0000,0.0000,0.0000,0 B
Tunnel,InProcess,False,Default,Default,Default,Default,Default,Default,11,Empty,RyuJit,X64,8c5e7fda-e8bf-4a96-9a85-a6e23a8c635c,.NET Core 3.1,False,True,False,True,Default,Default,False,False,False,Default,Default,Default,Default,Default,InProcessEmitToolchain,Default,1,Default,Default,Default,Default,Default,Default,Default,Default,16,Default,1000,33860,"1,647.22 ns",0.397 ns,0.372 ns,0.0057,0.0000,0.0000,136 B
Atropos,InProcess,False,Default,Default,Default,Default,Default,Default,11,Empty,RyuJit,X64,8c5e7fda-e8bf-4a96-9a85-a6e23a8c635c,.NET Core 3.1,False,True,False,True,Default,Default,False,False,False,Default,Default,Default,Default,Default,InProcessEmitToolchain,Default,1,Default,Default,Default,Default,Default,Default,Default,Default,16,Default,1000,63488,218.52 ns,0.022 ns,0.018 ns,0.0000,0.0000,0.0000,0 B
Official,InProcess,False,Default,Default,Default,Default,Default,Default,11,Empty,RyuJit,X64,8c5e7fda-e8bf-4a96-9a85-a6e23a8c635c,.NET Core 3.1,False,True,False,True,Default,Default,False,False,False,Default,Default,Default,Default,Default,InProcessEmitToolchain,Default,1,Default,Default,Default,Default,Default,Default,Default,Default,16,Default,1000,63488,62.13 ns,0.012 ns,0.011 ns,0.0000,0.0000,0.0000,0 B
Tunnel,InProcess,False,Default,Default,Default,Default,Default,Default,11,Empty,RyuJit,X64,8c5e7fda-e8bf-4a96-9a85-a6e23a8c635c,.NET Core 3.1,False,True,False,True,Default,Default,False,False,False,Default,Default,Default,Default,Default,InProcessEmitToolchain,Default,1,Default,Default,Default,Default,Default,Default,Default,Default,16,Default,1000,63488,"1,648.61 ns",0.587 ns,0.549 ns,0.0057,0.0000,0.0000,136 B
Atropos,InProcess,False,Default,Default,Default,Default,Default,Default,11,Empty,RyuJit,X64,8c5e7fda-e8bf-4a96-9a85-a6e23a8c635c,.NET Core 3.1,False,True,False,True,Default,Default,False,False,False,Default,Default,Default,Default,Default,InProcessEmitToolchain,Default,1,Default,Default,Default,Default,Default,Default,Default,Default,16,Default,1000,67584,218.47 ns,0.031 ns,0.028 ns,0.0000,0.0000,0.0000,0 B
Official,InProcess,False,Default,Default,Default,Default,Default,Default,11,Empty,RyuJit,X64,8c5e7fda-e8bf-4a96-9a85-a6e23a8c635c,.NET Core 3.1,False,True,False,True,Default,Default,False,False,False,Default,Default,Default,Default,Default,InProcessEmitToolchain,Default,1,Default,Default,Default,Default,Default,Default,Default,Default,16,Default,1000,67584,62.15 ns,0.013 ns,0.012 ns,0.0000,0.0000,0.0000,0 B
Tunnel,InProcess,False,Default,Default,Default,Default,Default,Default,11,Empty,RyuJit,X64,8c5e7fda-e8bf-4a96-9a85-a6e23a8c635c,.NET Core 3.1,False,True,False,True,Default,Default,False,False,False,Default,Default,Default,Default,Default,InProcessEmitToolchain,Default,1,Default,Default,Default,Default,Default,Default,Default,Default,16,Default,1000,67584,"1,682.00 ns",0.747 ns,0.698 ns,0.0057,0.0000,0.0000,136 B
